form	lemma	POS	morph
༄༅།།		PUNCT
ཤིང་རྟ་	ཤིང་རྟ་	NOUN
འི་	གི་	PART
སྲོལ་འབྱེད་	སྲོལ་འབྱེད་	NOUN
བཤད་	བཤད་	VERB
མདོ་	མདོ་	NOUN
འགྲེལ་	འགྲེལ་	NOUN
ཚུལ་	ཚུལ་	NOUN
སོགས་	སོགས་	DET
ཤེར་ཕྱིན་	ཤེར་ཕྱིན་	PROPN
འཆད་པ་	འཆད་པ་	VERB
འི་	གི་	PART
སྔོན་འགྲོ་	སྔོན་འགྲོ་	NOUN
།		PUNCT
ཕར་ཕྱིན་	ཕར་ཕྱིན་	NOUN
སྐབས་	སྐབས་	NOUN
།		PUNCT
ཐོག་མ་	ཐོག་མ་	NOUN
ར་	ལ་	PART
ཤིང་རྟ་	ཤིང་རྟ་	NOUN
འི་	གི་	PART
སྲོལ་འབྱེད་	སྲོལ་འབྱེད་	NOUN
ལ་	ལ་	PART
།		PUNCT
བོད་	བོད་	PROPN
སྔ་རབས་པ་	སྔ་རབས་པ་	OTHER
ས་	གིས་	PART
བཞི་	བཞི་	NUM
ར་	ལ་	PART
འདོད་	འདོད་	VERB
དེ་	སྟེ་	PART
།		PUNCT
དཔལ་མགོན་	དཔལ་མགོན་	OTHER
འཕགས་པ་	འཕགས་པ་	VERB
ཀླུ་སྒྲུབ་	ཀླུ་སྒྲུབ་	PROPN
དང་	དང་	NO_POS
།		PUNCT
སློབ་དཔོན་	སློབ་དཔོན་	NOUN
ཕྱོགས་	ཕྱོགས་	NOUN
ཀྱི་	གི་	PART
གླང་པོ་	གླང་པོ་	NOUN
དང་	དང་	NO_POS
།		PUNCT
གནོད་	གནོད་	VERB
འཇོམས་	འཇོམས་	NO_POS
མཁན་པོ་	མཁན་པོ་	NOUN
དང་	དང་	NO_POS
།		PUNCT
རྗེ་བཙུན་	རྗེ་བཙུན་	NOUN
བྱམས་པ་	བྱམས་པ་	PROPN
བཞི་	བཞི་	NUM
ར་	ལ་	PART
བཞེད་	བཞེད་	VERB
དོ་	གོ་	PART
"།
།"		PUNCT
དེ་དག་	དེ་དག་	OTHER
ཤིང་རྟ་	ཤིང་རྟ་	NOUN
འི་	གི་	PART
སྲོལ་འབྱེད་	སྲོལ་འབྱེད་	NOUN
དུ་	ལ་	PART
འཇོག་པ་	འཇོག་པ་	VERB
འི་	གི་	PART
རྒྱུ་མཚན་	རྒྱུ་མཚན་	NOUN
ཡང་	ཀྱང་	PART
།		PUNCT
བཞི་པོ་	བཞི་པོ་	NUM
དེ་	དེ་	DET
ས་	གིས་	PART
དགོངས་འགྲེལ་	དགོངས་འགྲེལ་	NOUN
གཞན་	གཞན་	DET
ལ་མ་	ལ་མ་	NO_POS
ལྟོས་པ་	ལྟོས་པ་	VERB
ར་	ལ་	PART
ཡུམ་	ཡུམ་	NOUN
གྱི་	གི་	PART
དགོངས་པ་	དགོངས་པ་	VERB
རེ་	རེ་	DET
འགྲེལ་	འགྲེལ་	NOUN
བ་	བ་	ADP
སོ་	གོ་	PART
།།		PUNCT
		
༽		PUNCT
དེ་ཡང་	དེ་ཡང་	ADV
བདག་ཉིད་	བདག་ཉིད་	NOUN
ཆེན་པོ་	ཆེན་པོ་	ADJ
ཀླུ་སྒྲུབ་	ཀླུ་སྒྲུབ་	PROPN
ཞབས་	ཞབས་	NOUN
ཀྱིས་	གིས་	PART
།		PUNCT
ཡུམ་	ཡུམ་	NOUN
གྱི་	གི་	PART
དངོས་བསྟན་	དངོས་བསྟན་	NO_POS
སྟོང་ཉིད་	སྟོང་ཉིད་	NOUN
ཀྱི་	གི་	PART
རིམ་པ་	རིམ་པ་	NOUN
བཀྲལ་བ་	བཀྲལ་བ་	VERB
སྟེ་	སྟེ་	PART
།		PUNCT
དབུ་མ་	དབུ་མ་	PROPN
རིག་པ་	རིག་པ་	VERB
འི་	གི་	PART
ཚོགས་	ཚོགས་	NOUN
ལྔ་	ལྔ་	NUM
འོ་	གོ་	PART
། །		PUNCT
དེ་དག་	དེ་དག་	OTHER
ནི་	ནི་	NO_POS
བསྒྲུབ་བྱ་	བསྒྲུབ་བྱ་	VERB
བདེན་	བདེན་	VERB
དངོ་	དངོ་	NOUN
འགོག་པ་	འགོག་པ་	VERB
དང་	དང་	NO_POS
།		PUNCT
སྒྲུབ་བྱེད་	སྒྲུབ་བྱེད་	NOUN
རྟོག་གེ་	རྟོག་གེ་	NOUN
འི་	གི་	PART
རིགས་པ་	རིགས་པ་	VERB
འགོག་པ་	འགོག་པ་	VERB
གཉིས་	གཉིས་	NUM
ཀྱི་	གི་	PART
དབང་	དབང་	NOUN
དུ་	ལ་	PART
མཛད་པ་	མཛད་པ་	VERB
སྟེ་	སྟེ་	PART
།		PUNCT
དང་པོ་	དང་པོ་	ADJ
ལ་	ལ་	PART
རང་གཞན་	རང་གཞན་	NOUN
སྡེ་བ་	སྡེ་བ་	NOUN
ཐུན་མོང་	ཐུན་མོང་	ADJ
དུ་	ལ་	PART
འགོག་པ་	འགོག་པ་	VERB
གཙོ་བོ་	གཙོ་བོ་	ADJ
ལུས་	ལུས་	NOUN
ལྟ་བུ་	ལྟ་བུ་	NOUN
འི་	གི་	PART
བསྟན་བཅོས་	བསྟན་བཅོས་	NOUN
དབུ་མ་	དབུ་མ་	PROPN
རྩ་བ་	རྩ་བ་	NOUN
ཤེས་རབ་	ཤེས་རབ་	NOUN
དང་	དང་	NO_POS
འཕྲོས་པ་	འཕྲོས་པ་	VERB
ཡན་ལག་	ཡན་ལག་	NOUN
ལྟ་བུ་	ལྟ་བུ་	NOUN
འི་	གི་	PART
བསྟན་བཅོས་	བསྟན་བཅོས་	NOUN
རྩ་ཤེ་	རྩ་ཤེ་	OTHER
ས་	གིས་	PART
རབ་བྱེད་	རབ་བྱེད་	OTHER
དང་པོ་	དང་པོ་	ADJ
རྐྱེན་	རྐྱེན་	NOUN
བརྟག་པ་	བརྟག་པ་	VERB
ལས་འཕྲོ་	ལས་འཕྲོ་	NOUN
ས་པ་	ས་པ་	PART
རྩོད་པ་	རྩོད་པ་	VERB
བཟློག་པ་	བཟློག་པ་	VERB
དང་	དང་	NO_POS
།		PUNCT
རབ་བྱེད་	རབ་བྱེད་	OTHER
བདུན་པ་	བདུན་པ་	NUM
སྐྱེ་གནས་	སྐྱེ་གནས་	NOUN
འཇིག་པ་	འཇིག་པ་	VERB
བརྟག་པ་	བརྟག་པ་	VERB
ལས་འཕྲོ་	ལས་འཕྲོ་	NOUN
ས་པ་	ས་པ་	PART
སྟོང་ཉིད་	སྟོང་ཉིད་	NOUN
བདུན་ཅུ་པ་	བདུན་ཅུ་པ་	NO_POS
གཉིས་	གཉིས་	NUM
སོ་	གོ་	PART
"།
།"		PUNCT
རང་སྡེ་	རང་སྡེ་	NO_POS
བྱེ་བྲག་	བྱེ་བྲག་	NOUN
ཏུ་	ལ་	PART
འགོག་པ་	འགོག་པ་	VERB
རིགས་པ་	རིགས་པ་	VERB
དྲུག་ཅུ་པ་	དྲུག་ཅུ་པ་	NUM
དང་	དང་	NO_POS
།		PUNCT
སྒྲུབ་བྱེད་	སྒྲུབ་བྱེད་	NOUN
རྟོག་གེ་	རྟོག་གེ་	NOUN
འི་	གི་	PART
ཚིག་དོན་	ཚིག་དོན་	NOUN
བཅུ་དྲུག་	བཅུ་དྲུག་	NO_POS
འགོག་པ་	འགོག་པ་	VERB
ཞིབ་མོ་	ཞིབ་མོ་	ADJ
རྣམ་	རྣམ་	NOUN
འཐག་	འཐག་	VERB
བཅའ་	བཅའ་	VERB
ལྔ་	ལྔ་	NUM
འོ་	གོ་	PART
།།		PUNCT
བོད་	བོད་	PROPN
སྔ་རབས་	སྔ་རབས་	OTHER
འག་	འགའ་	DET
ས་	གིས་	PART
དེ་	སྟེ་	PART
ལྔ་	ལྔ་	NUM
འི་	གི་	PART
སྟེང་	སྟེང་	NOUN
ཐ་སྙད་	ཐ་སྙད་	NOUN
གྲུབ་པ་	གྲུབ་པ་	VERB
བསྣན་པ་	བསྣན་པ་	VERB
དང་	དང་	NO_POS
།		PUNCT
ཕྱི་རབས་པ་	ཕྱི་རབས་པ་	OTHER
འག་	འགའ་	DET
ས་	གིས་	PART
རིན་ཆེན་	རིན་ཆེན་	OTHER
ཕྲེང་བ་	ཕྲེང་བ་	NOUN
བསྣན་པ་	བསྣན་པ་	VERB
སོགས་	སོགས་	DET
རིགས་	རིགས་	NOUN
ཚོགས་	ཚོགས་	NOUN
དྲུག་	དྲུག་	NUM
ཏུ་	ལ་	PART
འདོད་པ་	འདོད་པ་	VERB
ཡོད་	ཡོད་	VERB
ཀྱང་	ཀྱང་	PART
།		PUNCT
ཆོས་རྗེ་	ཆོས་རྗེ་	NOUN
གཞན་ཕན་	གཞན་ཕན་	OTHER
ཞབས་	ཞབས་	NOUN
ཀྱིས་	གིས་	PART
།		PUNCT
སློབ་དཔོན་	སློབ་དཔོན་	NOUN
ལེགས་ལྡན་	ལེགས་ལྡན་	NO_POS
འབྱེད་	འབྱེད་	VERB
ཀྱིས་	གིས་	PART
།		PUNCT
དབུ་མ་	དབུ་མ་	PROPN
རྩ་བ་	རྩ་བ་	NOUN
རྩོད་པ་	རྩོད་པ་	VERB
བཟློག་	བཟློག་	VERB
།		PUNCT
སྟོང་ཉིད་	སྟོང་ཉིད་	NOUN
བདུན་ཅུ་	བདུན་ཅུ་	NO_POS
རིགས་	རིགས་	NOUN
དྲུག་ཅུ་	དྲུག་ཅུ་	NUM
"།
།"		PUNCT
རྣམ་པ་	རྣམ་པ་	NOUN
ར་	ལ་	PART
འཐག་པ་	འཐག་པ་	VERB
ཞེ་	ཅེས་	PART
བྱ་བ་	བྱ་བ་	VERB
ས་	གིས་	PART
།།		PUNCT
དངོ་	དངོ་	NOUN
རྣམས་	རྣམས་	DET
སྐྱེ་	སྐྱེ་	NOUN
མེད་	མེད་	VERB
གཏན་	གཏན་	NOUN
ལ་	ལ་	PART
དབབ་	དབབ་	NO_POS
།།		PUNCT
ཅེེས་		NON_WORD
གསུངས་པ་	གསུངས་པ་	VERB
ལྟ་	ལྟ་	OTHER
ལྔ་	ལྔ་	NUM
ར་	ལ་	PART
གྲངས་	གྲངས་	NOUN
ངེས་པ་		
བཞེད་	བཞེད་	VERB
ལ་	ལ་	PART
།		PUNCT
དགེ་	དགེ་	NOUN
ལྡན་པ་	ལྡན་པ་	VERB
འི་	གི་	PART
ཡིག་ཆ་	ཡིག་ཆ་	NOUN
འི་	གི་	PART
རྗེས་	རྗེས་	NOUN
འབྲངས་	འབྲངས་	VERB
རྣམས་	རྣམས་	DET
ཀྱིས་	གིས་	PART
རིན་ཆེན་	རིན་ཆེན་	OTHER
ཕྲེང་བ་	ཕྲེང་བ་	NOUN
དྲུག་	དྲུག་	NUM
ཏུ་	ལ་	PART
བགྲངས་		NON_WORD
ཀྱང་	ཀྱང་	PART
།		PUNCT
རྗེའི་		NON_WORD
བཞེད་པ་	བཞེད་པ་	VERB
ནི་	ནི་	NO_POS
མ་	མ་	PART
ཡིན་	ཡིན་	NO_POS
ཏེ་	སྟེ་	PART
གསེར་	གསེར་	NOUN
ཕྲེང་	ཕྲེང་	OTHER
ལ་	ལ་	ADP
ས་	གིས་	PART
།		PUNCT
རིགས་	རིགས་	NOUN
ཚོགས་	ཚོགས་	NOUN
དྲུག་	དྲུག་	NUM
གི་	གི་	PART
གྲངས་	གྲངས་	NOUN
ངེས་	ངེས་	VERB
འདོད་པ་	འདོད་པ་	VERB
ནི་	ནི་	NO_POS
འཁྲུལ་བ་	འཁྲུལ་བ་	VERB
ར་	ལ་	PART
ཁོང་	ཁོང་	PRON
དུ་	ལ་	PART
ཆུད་པ་	ཆུད་པ་	VERB
ར་	ལ་	PART
བྱ་བ་	བྱ་བ་	VERB
ར་	ལ་	PART
གསུངས་པ་	གསུངས་པ་	VERB
ས་	གིས་	PART
སོ་	གོ་	PART
"།
།"		PUNCT
བློ་བཟང་	བློ་བཟང་	PROPN
གྲགས་པ་	གྲགས་པ་	VERB
འི་	གི་	PART
དགོངས་པ་	དགོངས་པ་	VERB
རྩྭ་	རྩྭ་	NOUN
ལྟ་	ལྟ་	OTHER
དོར་	དོར་	VERB
།།		PUNCT
རང་བཟོ་	རང་བཟོ་	NO_POS
ས་	གིས་	PART
ལྟ་	ལྟ་	OTHER
སྣང་	སྣང་	VERB
རིག་པ་	རིག་པ་	VERB
འི་	གི་	PART
འཕྲུལ་འཁོར་	འཕྲུལ་འཁོར་	NOUN
གྱིས་	གིས་	PART
།།		PUNCT
བྱིས་པ་	བྱིས་པ་	NOUN
ར་	ལ་	PART
འདྲིད་པ་	འདྲིད་པ་	NO_POS
དགེ་	དགེ་	NOUN
ལྡན་	ལྡན་	VERB
གསར་པ་	གསར་པ་	VERB
འི་	གི་	PART
གཞུང་	གཞུང་	NOUN
།།		PUNCT
གཟུར་གནས་	གཟུར་གནས་	NOUN
བློ་ལྡན་	བློ་ལྡན་	NOUN
སུ་	ལ་	PART
ཡི་	གིས་	PART
ཡིད་	ཡིད་	NOUN
རྟོན་	རྟོན་	VERB
འོ་	འོ་	VERB
།།		PUNCT
ཞེས་་	ཞེས་པ་	PART
ནི་	ནི་	NO_POS
བར་སྐབས་	བར་སྐབས་	NOUN
ཀྱི་	གི་	PART
ཚིགས་བཅད་	ཚིགས་བཅད་	NOUN
དོ་	གོ་	PART
། །		PUNCT
		
༽		PUNCT
སློབ་དཔོན་	སློབ་དཔོན་	NOUN
ཕྱོགས་	ཕྱོགས་	NOUN
ཀྱི་	གི་	PART
གླང་པོ་	གླང་པོ་	NOUN
ས་	གིས་	PART
།		PUNCT
བརྒྱད་	བརྒྱད་	NUM
སྟོང་	སྟོང་	NUM
དོན་བསྡུས་	དོན་བསྡུས་	NOUN
སུ་	ལ་	PART
།		PUNCT
ཡུམ་	ཡུམ་	NOUN
གྱི་	གི་	PART
གཙོ་བ་	གཙོ་བ་	NOUN
འི་	གི་	PART
དོན་	དོན་	NOUN
སོ་	གོ་	PART
གཉིས་	གཉིས་	NUM
སུ་	ལ་	PART
བསྡུ་	བསྡུ་	VERB
ན་	ནས་	PART
བསྟན་པ་	བསྟན་པ་	VERB
སྟེ་	སྟེ་	PART
།		PUNCT
དེ་ཉིད་	དེ་ཉིད་	NOUN
ལ་	ལ་	ADP
ས་	གིས་	PART
།		PUNCT
རྟེན་	རྟེན་	NOUN
དང་	དང་	NO_POS
དབང་	དབང་	NOUN
དུ་	ལ་	PART
བྱ་བ་	བྱ་བ་	VERB
དང་	དང་	NO_POS
།།		PUNCT
ལ་	ལ་	ADP
ས་	གིས་	PART
ནི་	ནི་	NO_POS
སྒོམ་པ་	སྒོམ་པ་	VERB
དང་	དང་	NO_POS
བཅའ་	བཅའ་	VERB
དང་	དང་	NO_POS
།།		PUNCT
རབ་	རབ་	ADV
དབྱེ་	དབྱེ་	VERB
རྟགས་	རྟགས་	NOUN
དང་	དང་	NO_POS
ལྟུང་བ་	ལྟུང་བ་	VERB
དང་	དང་	NO_POS
།།		PUNCT
ཕན་ཡོན་	ཕན་ཡོན་	NOUN
བཅས་པ་	བཅས་པ་	VERB
ར་	ལ་	PART
ཡང་དག་	ཡང་དག་	ADJ
བརྗོད་	བརྗོད་	VERB
"།
།"		PUNCT
ཅེས་པ་	ཅེས་པ་	PART
ལྟ་	ལྟ་	OTHER
།		PUNCT
རྟེན་	རྟེན་	NOUN
སྟོན་པ་	སྟོན་པ་	NOUN
སངས་རྒྱས་	སངས་རྒྱས་	NOUN
བཅོམ་ལྡན་འདས་	བཅོམ་ལྡན་འདས་	NOUN
དང་	དང་	NO_POS
།		PUNCT
དབང་	དབང་	NOUN
དུ་	ལ་	PART
བྱ་བ་	བྱ་བ་	VERB
བྱང་སེམས་	བྱང་སེམས་	NOUN
དང་	དང་	NO_POS
ཉན་ཐོས་	ཉན་ཐོས་	NOUN
ཀྱི་	གི་	PART
འཁོར་	འཁོར་	NOUN
།		PUNCT
ལ་	ལ་	ADP
ས་	གིས་	PART
ཡུམ་	ཡུམ་	NOUN
ལ་	ལ་	PART
ཇི་ལྟ་		
སྤྱོད་པ་	སྤྱོད་པ་	VERB
།		PUNCT
སྒོམ་པ་	སྒོམ་པ་	VERB
མ་	མ་	PART
དཔྱད་	དཔྱད་	VERB
རྣམ་གཡེང་	རྣམ་གཡེང་	NOUN
གི་	གི་	PART
རྟོག་པ་	རྟོག་པ་	VERB
བཅུ་	བཅུ་	NUM
འི་	གི་	PART
གཉེན་པོ་	གཉེན་པོ་	NOUN
བཅུ་	བཅུ་	NUM
།		PUNCT
རབ་	རབ་	ADV
དབྱེ་	དབྱེ་	VERB
ལ་སྟོང་	ལ་སྟོང་	NO_POS
ཉིད་	ཉིད་	DET
བཅུ་དྲུག་	བཅུ་དྲུག་	NO_POS
།		PUNCT
རྟགས་	རྟགས་	NOUN
བདུད་	བདུད་	NOUN
ལ་	ལ་	ADP
ས་	གིས་	PART
ཕྱི་	ཕྱི་	OTHER
མི་	མི་	PART
ལྡོག་པ་	ལྡོག་པ་	VERB
འི་	གི་	PART
རྟགས་	རྟགས་	NOUN
།		PUNCT
ལྟུང་བ་	ལྟུང་བ་	VERB
ཤེར་ཕྱིན་	ཤེར་ཕྱིན་	PROPN
སྤངས་	སྤངས་	VERB
ན་	ལ་	PART
ངན་སོང་	ངན་སོང་	NOUN
དུ་	ལ་	PART
སྐྱེ་བ་	སྐྱེ་བ་	VERB
།		PUNCT
ཕན་ཡོན་	ཕན་ཡོན་	NOUN
ནི་	ནི་	NO_POS
སྟོང་གསུམ་	སྟོང་གསུམ་	OTHER
རིན་པོ་ཆེ་	རིན་པོ་ཆེ་	ADJ
སྣ་	སྣ་	NOUN
བདུན་	བདུན་	NUM
གྱིས་	གིས་	PART
བཀང་	བཀང་	VERB
ན་	ནས་	PART
བྱིན་པ་	བྱིན་པ་	VERB
ལ་	ལ་	ADP
ས་	གིས་	PART
ཤེར་ཕྱིན་	ཤེར་ཕྱིན་	PROPN
འབྲི་བ་	འབྲི་བ་	VERB
སོགས་	སོགས་	DET
བསོད་ནམས་	བསོད་ནམས་	NOUN
ཆེ་བ་	ཆེ་བ་	VERB
འོ་	གོ་	PART
"།
།"		PUNCT
		
༽		PUNCT
ཡུམ་	ཡུམ་	NOUN
རྒྱ་	རྒྱ་	VERB
འབྲིང་	འབྲིང་	NOUN
གཉིས་	གཉིས་	NUM
དང་	དང་	NO_POS
ཁྲི་	ཁྲི་	NUM
བརྒྱད་	བརྒྱད་	NUM
སྟོང་པ་	སྟོང་པ་	VERB
འི་	གི་	PART
རྒྱ་	རྒྱ་	NOUN
ཆེ་	ཆེ་	VERB
ར་	ལ་	PART
བཤད་པ་	བཤད་པ་	VERB
གཞུང་འགྲེལ་	གཞུང་འགྲེལ་	NOUN
གནོད་	གནོད་	VERB
འཇོམས་	འཇོམས་	NO_POS
ཀྱིས་	གིས་	PART
སྒོ་གསུམ་	སྒོ་གསུམ་	OTHER
རྣམ་	རྣམ་	NOUN
གྲངས་	གྲངས་	NOUN
བཅུ་གཅིག་	བཅུ་གཅིག་	NO_POS
གི་	གི་	PART
སྒོ་	སྒོ་	NOUN
ན་	ནས་	PART
ཡུམ་	ཡུམ་	NOUN
གྱི་	གི་	PART
དོན་འགྲེལ་བ་	དོན་འགྲེལ་བ་	OTHER
སྟེ་	སྟེ་	PART
།		PUNCT
སྒོ་གསུམ་	སྒོ་གསུམ་	OTHER
ནི་	ནི་	NO_POS
།		PUNCT
མགོ་	མགོ་	NOUN
སྨྲོས་པ་	སྨྲོས་པ་	VERB
འི་	གི་	PART
གོ་བ་	གོ་བ་	VERB
རྣམས་	རྣམས་	DET
ལ་	ལ་	PART
བསྡུ་	བསྡུ་	VERB
ཏེ་	སྟེ་	PART
བསྟན་པ་	བསྟན་པ་	VERB
འི་	གི་	PART
སྒོ་	སྒོ་	NOUN
།		PUNCT
རྣམ་པ་	རྣམ་པ་	NOUN
ར་	ལ་	PART
སྤྲོས་པ་	སྤྲོས་པ་	VERB
ས་	གིས་	PART
གོ་བ་	གོ་བ་	VERB
རྣམས་	རྣམས་	DET
ལ་	ལ་	PART
འབྲིང་	འབྲིང་	NOUN
དུ་	ལ་	PART
བསྟན་པ་	བསྟན་པ་	VERB
འི་	གི་	PART
སྒོ་	སྒོ་	NOUN
།		PUNCT
ཚིག་	ཚིག་	NOUN
ལ་	ལ་	PART
འཆེལ་བ་	འཆེལ་བ་	NO_POS
རྣམས་	རྣམས་	DET
ལ་	ལ་	PART
རྒྱས་པ་	རྒྱས་པ་	VERB
ར་	ལ་	PART
བསྟན་པ་	བསྟན་པ་	VERB
འི་	གི་	PART
སྒོ་གསུམ་	སྒོ་གསུམ་	OTHER
མོ་	གོ་	PART
"།
།"		PUNCT
རྣམ་	རྣམ་	NOUN
གྲངས་	གྲངས་	NOUN
བཅུ་གཅིག་	བཅུ་གཅིག་	NO_POS
ནི་	ནི་	NO_POS
།		PUNCT
དང་པོ་	དང་པོ་	ADJ
ཤཱ་རི་	ཤཱ་རི་	PROPN
འི་	གི་	PART
བུ་	བུ་	NOUN
ལ་	ལ་	PART
བཀའ་	བཀའ་	NOUN
སྩལ་	སྩལ་	VERB
ན་	ནས་	PART
བཤད་པ་	བཤད་པ་	VERB
།		PUNCT
དེ་ནས་	དེ་ནས་	NO_POS
རབ་འབྱོར་	རབ་འབྱོར་	PROPN
གྱིས་	གིས་	PART
རྒྱས་པ་	རྒྱས་པ་	VERB
ར་	ལ་	PART
བཤད་པ་	བཤད་པ་	VERB
།		PUNCT
དེ་ནས་	དེ་ནས་	NO_POS
བརྒྱ་བྱིན་	བརྒྱ་བྱིན་	PROPN
དང་	དང་	NO_POS
།		PUNCT
རབ་འབྱོར་	རབ་འབྱོར་	PROPN
དང་	དང་	NO_POS
།		PUNCT
བྱམས་པ་	བྱམས་པ་	PROPN
དང་	དང་	NO_POS
།		PUNCT
རབ་འབྱོར་	རབ་འབྱོར་	PROPN
དང་	དང་	NO_POS
།		PUNCT
བརྒྱ་བྱིན་	བརྒྱ་བྱིན་	PROPN
དང་	དང་	NO_POS
།		PUNCT
རབ་འབྱོར་	རབ་འབྱོར་	PROPN
དང་	དང་	NO_POS
།		PUNCT
བྱམས་པ་	བྱམས་པ་	PROPN
དང་	དང་	NO_POS
།		PUNCT
རབ་འབྱོར་	རབ་འབྱོར་	PROPN
དང་	དང་	NO_POS
།		PUNCT
དེ་ནས་	དེ་ནས་	NO_POS
ཀུན་དགའ་བོ་	ཀུན་དགའ་བོ་	PROPN
ལ་	ལ་	PART
བཀའ་	བཀའ་	NOUN
སྩལ་	སྩལ་	VERB
ན་	ནས་	PART
ཡོངས་སུ་	ཡོངས་སུ་	NO_POS
གཏད་པ་	གཏད་པ་	VERB
འོ་	གོ་	PART
"།
།"		PUNCT
དེ་ལྟ་	དེ་ལྟ་	NO_POS
གནོད་	གནོད་	VERB
འཇོམས་	འཇོམས་	NO_POS
འདི་	འདི་	DET
སྔོན་	སྔོན་	ADV
གྱི་	གི་	PART
ཡིག་རྙིང་	ཡིག་རྙིང་	OTHER
རྣམས་	རྣམས་	DET
ལ་	ལ་	ADP
ས་	གིས་	PART
ཁ་ཆེ་	ཁ་ཆེ་	PROPN
མཆེ་བ་	མཆེ་བ་	NOUN
འི་	གི་	PART
སྡེ་	སྡེ་	NOUN
ས་	གིས་	PART
མཛད་པ་	མཛད་པ་	VERB
ར་	ལ་	PART
གྲག་	གྲག་	VERB
ལ་	ལ་	PART
།		PUNCT
ཕྱི་	ཕྱི་	VERB
ཀྱི་	གི་	PART
མཁས་པ་	མཁས་པ་	VERB
དག་	དག་	DET
གིས་	གིས་	PART
དབྱིག་གཉེན་	དབྱིག་གཉེན་	PROPN
གྱིས་	གིས་	PART
གཞུང་འགྲེལ་	གཞུང་འགྲེལ་	NOUN
ཡིན་	ཡིན་	NO_POS
ཟེར་བ་	ཟེར་བ་	VERB
དང་	དང་	NO_POS
མིན་	མིན་	AUX
ཟེར་བ་	ཟེར་བ་	VERB
འང་	ཀྱང་	PART
ཡོད་པ་	ཡོད་པ་	VERB
ར་	ལ་	PART
བཞེད་	བཞེད་	VERB
དོ་	གོ་	PART
"།
།"		PUNCT
		
༽		PUNCT
རྒྱལ་བ་	རྒྱལ་བ་	NOUN
མི་	མི་	PART
ཕམ་པ་	ཕམ་པ་	VERB
ས་	གིས་	PART
མངོན་རྟོགས་	མངོན་རྟོགས་	NOUN
རྒྱན་	རྒྱན་	NOUN
དུ་	ལ་	PART
ཡུམ་	ཡུམ་	NOUN
གྱི་	གི་	PART
དོན་	དོན་	NOUN
དངོ་	དངོ་	NOUN
བརྒྱད་	བརྒྱད་	NUM
དོན་	དོན་	NOUN
བདུན་ཅུ་	བདུན་ཅུ་	NO_POS
ར་	ལ་	PART
དྲིལ་	དྲིལ་	VERB
ན་	ནས་	PART
འགྲེལ་བ་	འགྲེལ་བ་	NOUN
འོ་	གོ་	PART
"།
།"		PUNCT
དེ་ལས་	དེ་ལས་	NO_POS
ཕྱོགས་གླང་	ཕྱོགས་གླང་	PROPN
གིས་	གིས་	PART
།		PUNCT
བརྒྱད་	བརྒྱད་	NUM
སྟོང་	སྟོང་	NUM
དོན་བསྡུས་	དོན་བསྡུས་	NOUN
ཀྱི་	གི་	PART
བརྗོད་བྱ་	བརྗོད་བྱ་	NOUN
འི་	གི་	PART
གཙོ་བོ་	གཙོ་བོ་	ADJ
རྣམ་གཡེང་	རྣམ་གཡེང་	NOUN
གི་	གི་	PART
རྟོག་པ་	རྟོག་པ་	VERB
བཅུ་	བཅུ་	NUM
འི་	གི་	PART
གཉེན་པོ་	གཉེན་པོ་	NOUN
ར་	ལ་	PART
སྒྲུབ་པ་	སྒྲུབ་པ་	VERB
ལ་	ལ་	PART
གདམས་པ་	གདམས་པ་	VERB
འི་	གི་	PART
མདོ་	མདོ་	NOUN
འི་	གི་	PART
འགྲེལ་	འགྲེལ་	NOUN
ཚུལ་	ཚུལ་	NOUN
དབུ་	དབུ་	NOUN
མཐའ་	མཐའ་	NOUN
རྣམ་འབྱེད་	རྣམ་འབྱེད་	NOUN
ཇི་ལྟ་བ་	ཇི་ལྟ་བ་	ADJ
བཞིན་	བཞིན་	NOUN
།		PUNCT
ངོ་བོ་	ངོ་བོ་	NOUN
ཉིད་	ཉིད་	DET
གསུམ་	གསུམ་	NUM
གྱི་	གི་	PART
མདོ་	མདོ་	NOUN
འི་	གི་	PART
འགྲེལ་	འགྲེལ་	NOUN
ཚུལ་	ཚུལ་	NOUN
ཐེག་	ཐེག་	VERB
བསྡུ་	བསྡུ་	VERB
ཇི་ལྟ་བ་	ཇི་ལྟ་བ་	ADJ
བཞིན་	བཞིན་	NOUN
སྣང་བ་	སྣང་བ་	VERB
ས་	གིས་	PART
བྱམསཆོས་		NON_WORD
ལ་	ལ་	ADP
ས་	གིས་	PART
ལོགས་	ལོགས་	NOUN
སུ་	ལ་	PART
སྲོལ་གཏོད་པ་	སྲོལ་གཏོད་པ་	NO_POS
མ་	མ་	PART
ཡིན་	ཡིན་	NO_POS
ཞིང་	ཅིང་	PART
།		PUNCT
གཞུང་འགྲེལ་	གཞུང་འགྲེལ་	NOUN
གནོད་	གནོད་	VERB
འཇོམས་	འཇོམས་	NO_POS
ཀྱིས་	གིས་	PART
ཀྱང་	ཀྱང་	PART
སྟོང་ཉིད་	སྟོང་ཉིད་	NOUN
གཏན་	གཏན་	NOUN
ལ་	ལ་	PART
འབེབས་	འབེབས་	VERB
བྱེད་	བྱེད་	VERB
ཀྱི་	གི་	PART
ལུང་	ལུང་	NOUN
རྩ་ཤེ་	རྩ་ཤེ་	OTHER
ས་	གིས་	PART
དྲངས་པ་	དྲངས་པ་	VERB
སོགས་	སོགས་	DET
རིགས་	རིགས་	NOUN
ཚོགས་	ཚོགས་	NOUN
ཀྱི་	གི་	PART
དགོངས་པ་པ་	དགོངས་པ་པ་	VERB
ཇི་ལྟ་བ་	ཇི་ལྟ་བ་	ADJ
བཞིན་	བཞིན་	NOUN
གནས་པ་	གནས་པ་	VERB
ས་	གིས་	PART
ཀླུ་སྒྲུབ་	ཀླུ་སྒྲུབ་	PROPN
ལ་	ལ་	ADP
ས་	གིས་	PART
ལོགས་	ལོགས་	NOUN
སུ་	ལ་	PART
སྲོལ་གཏོད་པ་	སྲོལ་གཏོད་པ་	NO_POS
མིན་	མིན་	AUX
ནོ་	གོ་	PART
"།
།"		PUNCT
དེས་ན་	དེས་ན་	NO_POS
སློབ་དཔོན་	སློབ་དཔོན་	NOUN
ཆོ་	ཆོ་	NOUN
ཀྱི་	གི་	PART
བཤེས་གཉེན་	བཤེས་གཉེན་	NOUN
གྱི་	གི་	PART
བཞེད་པ་	བཞེད་པ་	VERB
དང་	དང་	NO_POS
མཐུན་པ་	མཐུན་པ་	VERB
ར་	ལ་	PART
ཡུམ་	ཡུམ་	NOUN
གྱི་	གི་	PART
མདོ་	མདོ་	NOUN
འི་	གི་	PART
དོན་	དོན་	NOUN
དངོས་བསྟན་	དངོས་བསྟན་	NO_POS
སྟོང་ཉིད་	སྟོང་ཉིད་	NOUN
ཀྱི་	གི་	PART
རིམ་པ་	རིམ་པ་	NOUN
ཀླུ་སྒྲུབ་	ཀླུ་སྒྲུབ་	PROPN
ཞབས་	ཞབས་	NOUN
དང་	དང་	NO_POS
།		PUNCT
སྦས་དོན་	སྦས་དོན་	OTHER
མངོན་རྟོགས་	མངོན་རྟོགས་	NOUN
ཀྱི་	གི་	PART
རིམ་པ་	རིམ་པ་	NOUN
རྒྱལ་བ་	རྒྱལ་བ་	NOUN
མི་	མི་	PART
ཕམ་པ་	ཕམ་པ་	VERB
ས་	གིས་	PART
བཀྲལ་བ་	བཀྲལ་བ་	VERB
དོན་	དོན་	NOUN
ལ་	ལ་	PART
གནས་པ་	གནས་པ་	VERB
ས་	གིས་	PART
ཕར་ཕྱིན་	ཕར་ཕྱིན་	NOUN
གྱི་	གི་	PART
ཤིང་རྟ་	ཤིང་རྟ་	NOUN
འི་	གི་	PART
སྲོལ་འབྱེད་	སྲོལ་འབྱེད་	NOUN
གཉིས་	གཉིས་	NUM
སུ་	ལ་	PART
གྲངས་	གྲངས་	NOUN
ངེས་	ངེས་	VERB
སོ་	གོ་	PART
།།		PUNCT
སྤྱི་		
འཕགས་མཆོག་	འཕགས་མཆོག་	OTHER
ཀླུ་སྒྲུབ་	ཀླུ་སྒྲུབ་	PROPN
ཟབ་མོ་	ཟབ་མོ་	ADJ
དབུ་མ་	དབུ་མ་	PROPN
འི་	གི་	PART
ཤིང་རྟ་	ཤིང་རྟ་	NOUN
འི་	གི་	PART
སྲོལ་འབྱེད་	སྲོལ་འབྱེད་	NOUN
དང་	དང་	NO_POS
།		PUNCT
འཕགས་པ་	འཕགས་པ་	VERB
ཐོགས་མེད་	ཐོགས་མེད་	PROPN
རྒྱ་	རྒྱ་	NOUN
ཆེན་	ཆེན་	NO_POS
སྤྱོད་པ་	སྤྱོད་པ་	VERB
འི་	གི་	PART
ཤིང་རྟ་	ཤིང་རྟ་	NOUN
འི་	གི་	PART
སྲོལ་འབྱེད་	སྲོལ་འབྱེད་	NOUN
དང་	དང་	NO_POS
།		PUNCT
འཇམ་པ་	འཇམ་པ་	VERB
འི་	གི་	PART
དབྱངས་	དབྱངས་	NOUN
དངོ་	དངོ་	NOUN
མི་	མི་	PART
ཕམ་	ཕམ་	NO_POS
ཆོས་རྗེ་	ཆོས་རྗེ་	NOUN
ས་	གིས་	PART
དབུ་མ་	དབུ་མ་	PROPN
རྒྱན་	རྒྱན་	NOUN
གྱི་	གི་	PART
སྤྱི་དོན་	སྤྱི་དོན་	NOUN
དུ་	ལ་	PART
དེ་	སྟེ་	PART
གཉིས་	གཉིས་	NUM
ཀྱི་	གི་	PART
སྟེང་	སྟེང་	NOUN
།		PUNCT
མཁན་ཆེན་	མཁན་ཆེན་	OTHER
ཞི་	ཞི་	VERB
འཚོ་	འཚོ་	VERB
ཟབ་	ཟབ་	VERB
རྒྱ་	རྒྱ་	VERB
ཟུང་འཇུག་	ཟུང་འཇུག་	NOUN
གི་	གི་	PART
ཤིང་རྟ་	ཤིང་རྟ་	NOUN
འི་	གི་	PART
སྲོལ་འབྱེད་	སྲོལ་འབྱེད་	NOUN
དེ་	སྟེ་	PART
གསུམ་	གསུམ་	NUM
དུ་	ལ་	PART
བཞེད་པ་	བཞེད་པ་	VERB
དག་	དག་	DET
ནི་	ནི་	NO_POS
ཐེག་པ་	ཐེག་པ་	NOUN
ཆེན་པོ་	ཆེན་པོ་	ADJ
སྤྱི་	སྤྱི་	DET
འི་	གི་	PART
ཤིང་རྟ་	ཤིང་རྟ་	NOUN
འི་	གི་	PART
སྲོལ་འབྱེད་	སྲོལ་འབྱེད་	NOUN
འཇོག་པ་	འཇོག་པ་	VERB
འི་	གི་	PART
ཚུལ་	ཚུལ་	NOUN
ཡིན་པ་	ཡིན་པ་	AUX
ས་	གིས་	PART
སྐབས་	སྐབས་	NOUN
འདི་	འདི་	DET
དང་	དང་	NO_POS
འཁྲུལ་བ་	འཁྲུལ་བ་	VERB
ར་	ལ་	PART
མི་	མི་	PART
བྱ་	བྱ་	VERB
འོ་	གོ་	PART
"།
།"		PUNCT
དེ་	སྟེ་	PART
ཚེ་	ཚེ་	NOUN
ཤིང་རྟ་	ཤིང་རྟ་	NOUN
འི་	གི་	PART
སྲོལ་འབྱེད་	སྲོལ་འབྱེད་	NOUN
ཀྱི་	གི་	PART
དོན་	དོན་	NOUN
ཡང་	ཀྱང་	PART
།		PUNCT
ལྷག་པ་	ལྷག་པ་	VERB
འི་	གི་	PART
ལྷ་རྒྱལ་	ལྷ་རྒྱལ་	NO_POS
སྲ་	སྲ་	NOUN
ཐུ་བོ་	ཐུ་བོ་	ADJ
བྱམས་	བྱམས་	VERB
འཇམ་དབྱངས་	འཇམ་དབྱངས་	PROPN
གང་རུང་	གང་རུང་	NOUN
།		PUNCT
དངོ་	དངོ་	NOUN
ཀྱི་	གི་	PART
རྗེས་སུ་	རྗེས་སུ་	OTHER
བཟུང་	བཟུང་	NO_POS
ཞིང་	ཅིང་	PART
མི་	མི་	PART
འི་	གི་	PART
ཤ་ཚུགས་	ཤ་ཚུགས་	NOUN
ཅན་	ཅན་	PART
གྱི་	གི་	PART
འགྲེལ་བ་	འགྲེལ་བ་	NOUN
གཞན་	གཞན་	DET
ལ་མ་	ལ་མ་	NO_POS
ལྟོས་པ་	ལྟོས་པ་	VERB
ར་	ལ་	PART
རྒྱལ་བ་	རྒྱལ་བ་	NOUN
འི་	གི་	PART
དགོངས་པ་	དགོངས་པ་	VERB
རང་	རང་	PRON
སྟོབས་	སྟོབས་	NOUN
ཀྱིས་	གིས་	PART
བཀྲལ་	བཀྲལ་	NO_POS
ཞིང་	ཅིང་	PART
རྒྱལ་བ་	རྒྱལ་བ་	NOUN
རང་ཉིད་	རང་ཉིད་	OTHER
ཀྱིས་	གིས་	PART
ཤིང་རྟ་	ཤིང་རྟ་	NOUN
འི་	གི་	PART
སྲོལ་འབྱེད་	སྲོལ་འབྱེད་	NOUN
དུ་	ལ་	PART
དངོ་	དངོ་	NOUN
སུ་	ལ་	PART
ལུང་	ལུང་	NOUN
གིས་	གིས་	PART
ཟིན་པ་	ཟིན་པ་	VERB
ལ་	ལ་	PART
བཞག་པ་	བཞག་པ་	VERB
དོན་	དོན་	NOUN
ལ་	ལ་	PART
གནས་	གནས་	NOUN
སོ་	གོ་	PART
"།
།"		PUNCT
ཡང་	ཀྱང་	PART
ཀུན་མཁྱེན་	ཀུན་མཁྱེན་	OTHER
ཆེན་པོ་	ཆེན་པོ་	ADJ
འི་	གི་	PART
སེམས་ཉིད་	སེམས་ཉིད་	NOUN
ངལ་གསོ་	ངལ་གསོ་	OTHER
རྩ་འགྲེལ་	རྩ་འགྲེལ་	NOUN
དང་	དང་	NO_POS
།		PUNCT
ཀུན་མཁྱེན་	ཀུན་མཁྱེན་	OTHER
གཉིས་པ་	གཉིས་པ་	NUM
འི་	གི་	PART
ཡོན་ཏན་	ཡོན་ཏན་	NOUN
མཛོད་	མཛོད་	NOUN
རྩ་འགྲེལ་	རྩ་འགྲེལ་	NOUN
སོགས་	སོགས་	DET
ཀུན་མཁྱེན་	ཀུན་མཁྱེན་	OTHER
ཡབ་	ཡབ་	NOUN
སྲ་	སྲ་	NOUN
ཀྱི་	གི་	PART
དགོངས་པ་	དགོངས་པ་	VERB
ཇི་བཞིན་པ་	ཇི་བཞིན་པ་	OTHER
ཨ་	ཨ་	X
བུ་	བུ་	NOUN
དཔལ་	དཔལ་	OTHER
སྤྲུལ་	སྤྲུལ་	VERB
རིན་པོ་ཆེ་	རིན་པོ་ཆེ་	ADJ
འི་	གི་	PART
རྒྱལ་སྲས་	རྒྱལ་སྲས་	NOUN
བསླབ་བྱ་	བསླབ་བྱ་	VERB
ར་	ལ་	PART
།		PUNCT
ཀླུ་སྒྲུབ་	ཀླུ་སྒྲུབ་	PROPN
ན་	ནས་	PART
བརྒྱུད་པ་	བརྒྱུད་པ་	VERB
ལ་	ལ་	PART
ཟབ་མོ་	ཟབ་མོ་	ADJ
ལྟ་བ་	ལྟ་བ་	VERB
འི་	གི་	PART
བརྒྱུད་པ་	བརྒྱུད་པ་	VERB
དང་	དང་	NO_POS
།		PUNCT
རྒྱལ་སྲས་	རྒྱལ་སྲས་	NOUN
ཞི་བ་ལྷ་	ཞི་བ་ལྷ་	PROPN
ན་	ནས་	PART
བརྒྱུད་པ་	བརྒྱུད་པ་	VERB
ལ་	ལ་	PART
རྒྱ་	རྒྱ་	NOUN
ཆེན་	ཆེན་	NO_POS
སྤྱོད་	སྤྱོད་	VERB
བརྒྱུད་	བརྒྱུད་	NO_POS
དང་	དང་	NO_POS
།		PUNCT
ཐོགས་མེད་	ཐོགས་མེད་	PROPN
སྐུ་མཆེད་	སྐུ་མཆེད་	NOUN
ན་	ནས་	PART
བརྒྱུད་པ་	བརྒྱུད་པ་	VERB
ལ་	ལ་	PART
ཟབ་	ཟབ་	VERB
རྒྱ་	རྒྱ་	VERB
ཟུང་འཇུག་	ཟུང་འཇུག་	NOUN
གི་	གི་	PART
བརྒྱུད་པ་	བརྒྱུད་པ་	VERB
དང་	དང་	NO_POS
།		PUNCT
བརྒྱུད་པ་	བརྒྱུད་པ་	VERB
སྲོལ་	སྲོལ་	NOUN
གསུམ་	གསུམ་	NUM
གྱི་	གི་	PART
སྲོལ་	སྲོལ་	NOUN
གསུམ་	གསུམ་	NUM
ཡོངས་སུ་	ཡོངས་སུ་	NO_POS
རྫོགས་པ་	རྫོགས་པ་	VERB
ནི་	ནི་	NO_POS
ཀུན་མཁྱེན་	ཀུན་མཁྱེན་	OTHER
ཡབ་	ཡབ་	NOUN
སྲ་	སྲ་	NOUN
ཀྱི་	གི་	PART
གཞུང་	གཞུང་	NOUN
དུ་	ལ་	PART
བསྔགས་པ་	བསྔགས་པ་	VERB
ནི་	ནི་	NO_POS
།		PUNCT
ཐེག་པ་	ཐེག་པ་	NOUN
ཆེན་པོ་	ཆེན་པོ་	ADJ
སྤྱི་	སྤྱི་	DET
ཡི་	གི་	PART
ལམ་	གམ་	PART
ཉམས་ལེན་	ཉམས་ལེན་	NOUN
གྱི་	གི་	PART
རིམ་པ་	རིམ་པ་	NOUN
མཐའ་དག་	མཐའ་དག་	DET
བྱང་ཆུབ་	བྱང་ཆུབ་	NOUN
ཀྱི་	གི་	PART
སེམས་	སེམས་	NOUN
རིན་པོ་ཆེ་	རིན་པོ་ཆེ་	ADJ
རྣམ་པ་	རྣམ་པ་	NOUN
གཉིས་	གཉིས་	NUM
སུ་	ལ་	PART
དྲིལ་	དྲིལ་	VERB
ན་	ནས་	PART
ཉམས་	ཉམས་	NOUN
སུ་	ལ་	PART
ལེན་	ལེན་	VERB
ཚུལ་	ཚུལ་	NOUN
གྱི་	གི་	PART
བརྒྱུད་	བརྒྱུད་	NO_POS
སྲོལ་	སྲོལ་	NOUN
ཁྱད་པར་བ་	ཁྱད་པར་བ་	NOUN
གཅིག་	གཅིག་	NUM
ཡིན་པ་	ཡིན་པ་	AUX
ས་	གིས་	PART
སྤྱི་	སྤྱི་	DET
དང་	དང་	NO_POS
འཁྲུལ་བ་	འཁྲུལ་བ་	VERB
མི་	མི་	PART
བྱ་	བྱ་	VERB
ཞིང་	ཅིང་	PART
དེ་	སྟེ་	PART
དང་	དང་	NO_POS
འགལ་བ་	འགལ་བ་	VERB
འང་	ཀྱང་	PART
མ་	མ་	PART
ཡིན་	ཡིན་	NO_POS
ནོ་	གོ་	PART
"།
།"		PUNCT
སྤྱི་		
ཤིང་རྟ་	ཤིང་རྟ་	NOUN
འི་	གི་	PART
སྲོལ་འབྱེད་	སྲོལ་འབྱེད་	NOUN
ལ་	ལ་	PART
།		PUNCT
ཐེག་དམན་	ཐེག་དམན་	NOUN
གྱི་	གི་	PART
ཤིང་རྟ་	ཤིང་རྟ་	NOUN
འི་	གི་	PART
སྲོལ་འབྱེད་	སྲོལ་འབྱེད་	NOUN
དང་	དང་	NO_POS
།		PUNCT
སྔགས་	སྔགས་	NOUN
ཀྱི་	གི་	PART
ཤིང་རྟ་	ཤིང་རྟ་	NOUN
འི་	གི་	PART
སྲོལ་འབྱེད་	སྲོལ་འབྱེད་	NOUN
ཀྱང་	ཀྱང་	PART
ཡོད་པ་	ཡོད་པ་	VERB
ས་	གིས་	PART
མཐའ་	མཐའ་	NOUN
གཅིག་	གཅིག་	NUM
ཏུ་	ལ་	PART
གཉིས་	གཉིས་	NUM
དང་	དང་	NO_POS
གསུམ་	གསུམ་	NUM
དུ་	ལ་	PART
ཁ་ཚོན་	ཁ་ཚོན་	NOUN
གཅོད་པ་	གཅོད་པ་	VERB
ར་	ལ་	PART
མི་	མི་	PART
ནུས་	ནུས་	VERB
སོ་	གོ་	PART
"།
།"		PUNCT
དགེ་	དགེ་	NOUN
ལྡན་པ་	ལྡན་པ་	VERB
ས་	གིས་	PART
ཀྱང་	ཀྱང་	PART
།		PUNCT
གངས་ཅན་	གངས་ཅན་	ADJ
ཤིང་རྟ་	ཤིང་རྟ་	NOUN
འི་	གི་	PART
སྲོལ་འབྱེད་	སྲོལ་འབྱེད་	NOUN
ཙོང་	ཙོང་	OTHER
ཁ་བ་	ཁ་བ་	NOUN
ས་	གིས་	PART
ཞེས་་	ཞེས་པ་	PART
ལ་དོན་	ལ་དོན་	OTHER
གྱི་	གི་	PART
ཁྱད་པར་ཅན་	ཁྱད་པར་ཅན་	ADJ
ཞིག་	ཅིག་	PART
ཡོད་པ་	ཡོད་པ་	VERB
ར་	ལ་	PART
སྣང་	སྣང་	VERB
ཡང་	ཀྱང་	PART
།		PUNCT
ཞལ་འདོན་	ཞལ་འདོན་	OTHER
དུ་	ལ་	PART
གནང་བ་	གནང་བ་	NO_POS
ཙམ་	ཙམ་	DET
ལས་དོན་	ལས་དོན་	OTHER
ཟབ་	ཟབ་	VERB
ཁྱད་	ཁྱད་	NOUN
ཅན་	ཅན་	PART
ཞིག་	ཅིག་	PART
འགྲེལ་	འགྲེལ་	NOUN
བར་མི་	བར་མི་	NO_POS
སྣང་ངོ་	སྣང་ངོ་	NOUN
"།
།"		PUNCT
བློ་བཟང་	བློ་བཟང་	PROPN
ཕུན་ཚོགས་	ཕུན་ཚོགས་	ADJ
ཀྱི་	གི་	PART
དྲང་	དྲང་	VERB
ངེས་	ངེས་	VERB
ཟིན་བྲིས་	ཟིན་བྲིས་	OTHER
སུ་	ལ་	PART
གསེར་	གསེར་	NOUN
ཕྲེང་	ཕྲེང་	OTHER
ལ་	ལ་	ADP
ས་	གིས་	PART
།		PUNCT
རྗེ་བཙུན་	རྗེ་བཙུན་	NOUN
དང་	དང་	NO_POS
ཀླུ་སྒྲུབ་	ཀླུ་སྒྲུབ་	PROPN
ཞབས་	ཞབས་	NOUN
གཉིས་	གཉིས་	NUM
ཀྱིས་	གིས་	PART
།		PUNCT
ཞེ་	ཅེས་	PART
སོགས་	སོགས་	DET
ལ་	ལ་	PART
བརྟེན་	བརྟེན་	VERB
ན་	ནས་	PART
རྗེ་བཙུན་	རྗེ་བཙུན་	NOUN
བྱམས་མགོན་	བྱམས་མགོན་	OTHER
ཡང་	ཀྱང་	PART
ཤིང་རྟ་	ཤིང་རྟ་	NOUN
འི་	གི་	PART
སྲོལ་འབྱེད་	སྲོལ་འབྱེད་	NOUN
དུ་	ལ་	PART
གསུངས་པ་	གསུངས་པ་	VERB
འི་	གི་	PART
མཁས་པ་	མཁས་པ་	VERB
རེ་གཉིས་	རེ་གཉིས་	NO_POS
སྣང་	སྣང་	VERB
ཡང་	ཀྱང་	PART
།		PUNCT
བྱམས་པ་	བྱམས་པ་	PROPN
ས་	གིས་	PART
མངོན་རྟོགས་	མངོན་རྟོགས་	NOUN
རྒྱན་	རྒྱན་	NOUN
དུ་	ལ་	PART
སྦས་དོན་	སྦས་དོན་	OTHER
གསལ་བ་	གསལ་བ་	VERB
ར་	ལ་	PART
ཕྱེ་བ་	ཕྱེ་བ་	VERB
ས་	གིས་	PART
དེ་	དེ་	DET
ར་	ལ་	PART
འདོད་	འདོད་	VERB
ན་	ལ་	PART
།		PUNCT
མདོ་	མདོ་	NOUN
རྒྱན་	རྒྱན་	NOUN
དང་	དང་	NO_POS
འབྱེད་	འབྱེད་	VERB
རྣམ་	རྣམ་	NOUN
གཉིས་	གཉིས་	NUM
སུ་	ལ་	PART
རྣམ་རིག་པ་	རྣམ་རིག་པ་	OTHER
ཙམ་	ཙམ་	DET
གྱི་	གི་	PART
ཚུལ་	ཚུལ་	NOUN
གསལ་བ་	གསལ་བ་	VERB
ར་	ལ་	PART
བསྟན་པ་	བསྟན་པ་	VERB
ས་	གིས་	PART
རྣམ་རིག་པ་	རྣམ་རིག་པ་	OTHER
འི་	གི་	PART
ཤིང་རྟ་	ཤིང་རྟ་	NOUN
འི་	གི་	PART
སྲོལ་འབྱེད་	སྲོལ་འབྱེད་	NOUN
དུའང་		NON_WORD
ཐལ་བ་	ཐལ་བ་	NOUN
དང་	དང་	NO_POS
།		PUNCT
དེ་	སྟེ་	PART
འདོད་	འདོད་	VERB
ན་	ལ་	PART
།		PUNCT
འཕགས་པ་	འཕགས་པ་	VERB
ཐོགས་མེད་	ཐོགས་མེད་	PROPN
དེ་	སྟེ་	PART
མ་ཡིན་པ་	མ་ཡིན་པ་	OTHER
ར་	ལ་	PART
ཐལ་བ་	ཐལ་བ་	NOUN
ར་	ལ་	PART
འགྱུར་བ་	འགྱུར་བ་	VERB
ས་	གིས་	PART
།		PUNCT
མཁས་པ་	མཁས་པ་	VERB
ཕལ་	ཕལ་	NOUN
མོ་	གོ་	PART
ཆེ་	ཆེ་	VERB
དེ་ལྟ་	དེ་ལྟ་	NO_POS
མི་	མི་	PART
བཞེད་པ་	བཞེད་པ་	VERB
ལྟ་	ལྟ་	OTHER
ཁ་	ཁ་	PRON
ས་	གིས་	PART
བླང་	བླང་	NO_POS
ངོ་	གོ་	PART
"།
།"		PUNCT
ཞེ་	ཅེས་	PART
བཀོད་པ་	བཀོད་པ་	VERB
ཁོང་	ཁོང་	PRON
རང་	རང་	PRON
གིས་	གིས་	PART
བཀ་	བཀའ་	NOUN
འི་	གི་	PART
སེམས་	སེམས་	NOUN
ཙམ་པ་	ཙམ་པ་	DET
དང་	དང་	NO_POS
།		PUNCT
སེམས་	སེམས་	NOUN
ཙམ་པ་	ཙམ་པ་	DET
འི་	གི་	PART
གྲུབ་མཐའ་	གྲུབ་མཐའ་	NOUN
མ་	མ་	PART
ཕྱེད་པ་	ཕྱེད་པ་	VERB
འི་	གི་	PART
མཚང་	མཚང་	NOUN
ངོམ་	ངོམ་	NO_POS
ན་	ནས་	PART
ཐལ་བ་	ཐལ་བ་	NOUN
ལྟ་	ལྟ་	OTHER
སྣང་	སྣང་	VERB
གི་	གི་	PART
རྗེའི་		NON_WORD
དགོངས་པ་	དགོངས་པ་	VERB
བསྒྲིབ་པ་	བསྒྲིབ་པ་	VERB
ར་	ལ་	PART
བརྩམས་པ་	བརྩམས་པ་	VERB
ནི་	ནི་	NO_POS
།		PUNCT
འཇམ་དབྱངས་	འཇམ་དབྱངས་	PROPN
ས་པཎ་	ས་པཎ་	OTHER
གྱིས་	གིས་	PART
།		PUNCT
ནགས་	ནགས་	NOUN
ལ་	ལ་	PART
གནས་པ་	གནས་པ་	VERB
འི་	གི་	PART
སྤྲེའུ་	སྤྲེའུ་	NOUN
རྣམས་	རྣམས་	DET
། །		PUNCT
ལྗོན་པ་	ལྗོན་པ་	OTHER
འི་	གི་	PART
ཤིང་	ཅིང་	PART
ལ་	ལ་	PART
མི་གཙང་	མི་གཙང་	NO_POS
འཐོར་	འཐོར་	VERB
།།		PUNCT
ཞེས་་	ཞེས་པ་	PART
ལྟ་	ལྟ་	OTHER
གྱུར་པ་	གྱུར་པ་	VERB
སྟེ་	སྟེ་	PART
།		PUNCT
རྒྱལ་བ་	རྒྱལ་བ་	NOUN
མི་	མི་	PART
ཕམ་པ་	ཕམ་པ་	VERB
ས་	གིས་	PART
ཡུམ་	ཡུམ་	NOUN
གྱི་	གི་	PART
སྦས་དོན་	སྦས་དོན་	OTHER
གསལ་བ་	གསལ་བ་	VERB
ར་	ལ་	PART
བྱས་པ་	བྱས་པ་	VERB
ནི་	ནི་	NO_POS
སྔོན་	སྔོན་	ADV
སུ་	སུ་	ADP
ས་	གིས་	PART
ཀྱང་	ཀྱང་	PART
འགྲེལ་	འགྲེལ་	NOUN
ཚུལ་	ཚུལ་	NOUN
མ་ཡིན་པ་	མ་ཡིན་པ་	OTHER
འི་	གི་	PART
སྲོལ་	སྲོལ་	NOUN
གས་	གསའ་	NO_POS
ར་	ལ་	PART
དུ་	ལ་	PART
ཕྱེས་པ་	ཕྱེས་པ་	VERB
ཡིན་པ་	ཡིན་པ་	AUX
ལུང་རིགས་	ལུང་རིགས་	NOUN
ཀྱིས་	གིས་	PART
གྲུབ་	གྲུབ་	VERB
ལ་	ལ་	PART
།		PUNCT
བྱམས་	བྱམས་	VERB
ཆོ་	ཆོ་	NOUN
བར་པ་	བར་པ་	NOUN
གསུམ་	གསུམ་	NUM
དུ་	ལ་	PART
རྣམ་རིག་པ་	རྣམ་རིག་པ་	OTHER
འི་	གི་	PART
ཚུལ་	ཚུལ་	NOUN
གསལ་བ་	གསལ་བ་	VERB
ནི་	ནི་	NO_POS
བཀ་	བཀའ་	NOUN
འི་	གི་	PART
སེམས་	སེམས་	NOUN
ཙམ་པ་	ཙམ་པ་	DET
སྟེ་	སྟེ་	PART
།		PUNCT
དེ་	སྟེ་	PART
ནི་	ནི་	NO_POS
ཀླུ་སྒྲུབ་	ཀླུ་སྒྲུབ་	PROPN
ཞབས་	ཞབས་	NOUN
ཀྱིས་	གིས་	PART
།		PUNCT
རིག་པ་	རིག་པ་	VERB
དྲུག་ཅུ་པ་	དྲུག་ཅུ་པ་	NUM
ར་	ལ་	PART
འབྱུང་བ་	འབྱུང་བ་	VERB
ཆེ་	ཆེ་	VERB
ལ་སོགས་	ལ་སོགས་	NO_POS
བཤད་པ་	བཤད་པ་	VERB
།		PUNCT
རྣམ་པ་	རྣམ་པ་	NOUN
ར་	ལ་	PART
ཤེ་	ཤེ་	VERB
སུ་	ལ་	PART
ཡང་དག་	ཡང་དག་	ADJ
འདུ་	འདུ་	VERB
།།		PUNCT
དེ་	སྟེ་	PART
ཤེས་པ་	ཤེས་པ་	VERB
ས་	གིས་	PART
ནི་	ནི་	NO_POS
འབྲལ་	འབྲལ་	NO_POS
གྱུར་	གྱུར་	VERB
ན་	ལ་	PART
།།		PUNCT
ལོག་པ་	ལོག་པ་	VERB
ར་	ལ་	PART
རྣམ་	རྣམ་	NOUN
བརྟག་	བརྟག་	VERB
མ་	མ་	PART
ཡིན་	ཡིན་	NO_POS
ནམ་	གམ་	PART
།།		PUNCT
ཞེས་་	ཞེས་པ་	PART
ས་	གིས་	PART
ཀྱང་	ཀྱང་	PART
གསལ་བ་	གསལ་བ་	VERB
འི་	གི་	PART
ཕྱི་	ཕྱི་	OTHER
རོ་	རོ་	NOUN
།		PUNCT
བྱམས་	བྱམས་	VERB
ཆོ་	ཆོ་	NOUN
བར་པ་	བར་པ་	NOUN
གསུམ་	གསུམ་	NUM
གྱིས་	གིས་	PART
རྣམ་རིག་པ་	རྣམ་རིག་པ་	OTHER
འི་	གི་	PART
གྲུབ་མཐའ་	གྲུབ་མཐའ་	NOUN
གསལ་བ་	གསལ་བ་	VERB
ར་	ལ་	PART
བྱ་	བྱ་	VERB
སོ་	གོ་	PART
ཞེ་ན་	ཅེ་ན་	PART
།		PUNCT
དེ་	སྟེ་	PART
གསུམ་	གསུམ་	NUM
གྱི་	གི་	PART
ཀུན་གཞི་	ཀུན་གཞི་	NOUN
དང་	དང་	NO_POS
རང་རིག་	རང་རིག་	NO_POS
བདེན་གྲུབ་	བདེན་གྲུབ་	NO_POS
ཏུ་	ལ་	PART
འདོད་པ་	འདོད་པ་	VERB
འི་	གི་	PART
གཞུང་	གཞུང་	NOUN
འདི་	འདི་	DET
ཞེ་	ཅེས་	PART
ངོས་བཟུང་	ངོས་བཟུང་	NOUN
དགོས་	དགོས་	VERB
ལ་	ལ་	PART
དེ་	སྟེ་	PART
མེད་པ་	མེད་པ་	VERB
འི་	གི་	PART
ཕྱི་	ཕྱི་	OTHER
དང་	དང་	NO_POS
།		PUNCT
ཁོ་བོ་	ཁོ་བོ་	PRON
འི་	གི་	PART
ཕྱོགས་	ཕྱོགས་	NOUN
ཀྱིས་	གིས་	PART
བྱམས་	བྱམས་	VERB
ཆོ་	ཆོ་	NOUN
བར་པ་	བར་པ་	NOUN
གསུམ་	གསུམ་	NUM
གྱིས་	གིས་	PART
རྣམ་རིག་པ་	རྣམ་རིག་པ་	OTHER
འི་	གི་	PART
གྲུབ་མཐའ་	གྲུབ་མཐའ་	NOUN
གསལ་བ་	གསལ་བ་	VERB
ར་	ལ་	PART
བྱས་པ་	བྱས་པ་	VERB
འདོད་པ་	འདོད་པ་	VERB
འི་	གི་	PART
ཕྱི་	ཕྱི་	OTHER
ཞེ་ན་	ཅེ་ན་	PART
།		PUNCT
དེ་	སྟེ་	PART
སྒྲུབ་བྱེད་	སྒྲུབ་བྱེད་	NOUN
ཡང་དག་	ཡང་དག་	ADJ
ཏུ་	ལ་	PART
མི་	མི་	PART
འགྲོ་	འགྲོ་	VERB
སྟེ་	སྟེ་	PART
།		PUNCT
ཤང་	ཤང་	NO_POS
སེམས་པ་	སེམས་པ་	VERB
ཅན་	ཅན་	PART
གྱིས་	གིས་	PART
།		PUNCT
ནང་པ་	ནང་པ་	NOUN
སངས་རྒྱས་པ་	སངས་རྒྱས་པ་	NOUN
འི་	གི་	PART
ངོ་	ངོ་	PART
ར་	ལ་	PART
།		PUNCT
ལྗོན་ཤིང་	ལྗོན་ཤིང་	NOUN
ཆོས་ཅན་	ཆོས་ཅན་	NOUN
།		PUNCT
སེམས་	སེམས་	NOUN
ལྡན་	ལྡན་	VERB
ཡིན་	ཡིན་	NO_POS
ཏེ་	སྟེ་	PART
མཚན་མོ་	མཚན་མོ་	ADV
ལོ་མ་	ལོ་མ་	NOUN
འཁུམ་	འཁུམ་	NO_POS
སྟེ་	སྟེ་	PART
འཁུམས་	འཁུམས་	NO_POS
ཏེ་	སྟེ་	PART
ཉལ་བ་	ཉལ་བ་	VERB
འི་	གི་	PART
ཕྱི་	ཕྱི་	OTHER
།		PUNCT
ཞེ་	ཅེས་	PART
བཀོད་པ་	བཀོད་པ་	VERB
དང་	དང་	NO_POS
མཚུངས་པ་	མཚུངས་པ་	VERB
ས་	གིས་	PART
སོ་	གོ་	PART
། །		PUNCT
མངོན་རྟོགས་	མངོན་རྟོགས་	NOUN
རྒྱན་	རྒྱན་	NOUN
གྱི་	གི་	PART
བཤད་	བཤད་	VERB
བྱ་	བྱ་	VERB
རྩ་བ་	རྩ་བ་	NOUN
འི་	གི་	PART
མདོ་	མདོ་	NOUN
ལ་	ལ་	PART
།		PUNCT
སྔ་རབས་པ་	སྔ་རབས་པ་	OTHER
རྣམས་	རྣམས་	DET
ཀྱིས་	གིས་	PART
ཡུམ་སྲས་	ཡུམ་སྲས་	NOUN
བཅུ་བདུན་	བཅུ་བདུན་	NO_POS
འཇོག་པ་	འཇོག་པ་	VERB
ནི་	ནི་	NO_POS
།		PUNCT
ཡུམ་	ཡུམ་	NOUN
དྲུག་	དྲུག་	NUM
དང་	དང་	NO_POS
།		PUNCT
སྲ་	སྲ་	NOUN
བཅུ་གཅིག་	བཅུ་གཅིག་	NO_POS
ཡོད་པ་	ཡོད་པ་	VERB
སྟེ་	སྟེ་	PART
།		PUNCT
དེ་ཡང་	དེ་ཡང་	ADV
ཐང་ཡིག་	ཐང་ཡིག་	OTHER
ཏུ་	ལ་	PART
གསུངས་པ་	གསུངས་པ་	VERB
ནི་	ནི་	NO_POS
།		PUNCT
སྟོང་ཕྲག་	སྟོང་ཕྲག་	OTHER
བརྒྱ་པ་	བརྒྱ་པ་	NUM
ཉི་ཤུ་ལྔ་བ་	ཉི་ཤུ་ལྔ་བ་	NO_POS
དང་	དང་	NO_POS
།		PUNCT
ཁྲི་	ཁྲི་	NUM
བརྒྱད་	བརྒྱད་	NUM
སྟོང་པ་	སྟོང་པ་	VERB
ཤེས་རབ་	ཤེས་རབ་	NOUN
ཁྲི་པ་	ཁྲི་པ་	ADJ
དང་	དང་	NO_POS
།		PUNCT
བརྒྱད་	བརྒྱད་	NUM
སྟོང་པ་	སྟོང་པ་	VERB
དང་	དང་	NO_POS
སྡུད་པ་	སྡུད་པ་	VERB
ཡུམ་	ཡུམ་	NOUN
དྲུག་	དྲུག་	NUM
གོ་	གོ་	PART
།		PUNCT
རབ་	རབ་	ADV
རྩལ་	རྩལ་	NOUN
ཞུ་	ཞུ་	VERB
དང་	དང་	NO_POS
ཤེར་ཕྱིན་	ཤེར་ཕྱིན་	PROPN
ལྔ་	ལྔ་	NUM
བརྒྱ་པ་	བརྒྱ་པ་	NUM
"།
།"		PUNCT
རྡོ་རྗེ་	རྡོ་རྗེ་	NOUN
གཅོད་པ་	གཅོད་པ་	VERB
ཚུལ་	ཚུལ་	NOUN
བརྒྱ་	བརྒྱ་	NUM
ལྔ་	ལྔ་	NUM
བཅུ་པ་	བཅུ་པ་	NUM
། །		PUNCT
ཀོའུ་		NON_WORD
ཤི་	ཤི་	VERB
ཀ་	ཀ་	DET
སུམ་ཅུ་	སུམ་ཅུ་	OTHER
སྒོ་	སྒོ་	NOUN
ཉེ་	ཉེ་	NUM
ལྔ་	ལྔ་	NUM
། །		PUNCT
ཤེས་རབ་	ཤེས་རབ་	NOUN
སྙིང་པོ་	སྙིང་པོ་	NOUN
ཡི་གེ་	ཡི་གེ་	NOUN
ཉུང་ངུ་	ཉུང་ངུ་	ADJ
དང་	དང་	NO_POS
"།
།"		PUNCT
ཡི་གེ་	ཡི་གེ་	NOUN
གཅིག་	གཅིག་	NUM
མ་	མ་	PART
དཀོན་	དཀོན་	NO_POS
བརྩེགས་	བརྩེགས་	NO_POS
འདུས་པ་	འདུས་པ་	VERB
བཞི་	བཞི་	NUM
། །		PUNCT
ཤེར་ཕྱིན་	ཤེར་ཕྱིན་	PROPN
བདུན་	བདུན་	NUM
བརྒྱ་པ་	བརྒྱ་པ་	NUM
སྟེ་	སྟེ་	PART
སྲ་	སྲ་	NOUN
བཅུ་གཅིག་	བཅུ་གཅིག་	NO_POS
ཅེས་	ཅེས་	PART
གསུངས་	གསུངས་	VERB
ལ་	ལ་	PART
།		PUNCT
ཤེ་		
འགྲེལ་	འགྲེལ་	NOUN
དག་	དག་	DET
ཏུ་	ལ་	PART
།		PUNCT
ཤེར་ཕྱིན་	ཤེར་ཕྱིན་	PROPN
སྟོང་ཕྲག་	སྟོང་ཕྲག་	OTHER
བརྒྱ་པ་	བརྒྱ་པ་	NUM
།		PUNCT
སྟོང་ཕྲག་ཉི་ཤུ་ལྔ་པ་	སྟོང་ཕྲག་ཉི་ཤུ་ལྔ་པ་	NO_POS
།		PUNCT
ཁྲི་	ཁྲི་	NUM
བརྒྱད་	བརྒྱད་	NUM
སྟོང་པ་	སྟོང་པ་	VERB
།		PUNCT
ཤེས་རབ་	ཤེས་རབ་	NOUN
ཁྲི་པ་	ཁྲི་པ་	ADJ
།		PUNCT
བརྒྱད་	བརྒྱད་	NUM
སྟོང་པ་	སྟོང་པ་	VERB
།		PUNCT
སྡུད་པ་	སྡུད་པ་	VERB
རྣམས་	རྣམས་	DET
ཡུམ་	ཡུམ་	NOUN
དྲུག་	དྲུག་	NUM
བགྲངས་པ་	བགྲངས་པ་	NON_WORD
ཐང་ཡིག་	ཐང་ཡིག་	OTHER
དང་	དང་	NO_POS
འདྲ་	འདྲ་	VERB
ལ་	ལ་	PART
།		PUNCT
སྲ་	སྲ་	NOUN
བཅུ་གཅིག་	བཅུ་གཅིག་	NO_POS
ནི་	ནི་	NO_POS
།		PUNCT
ཤེར་ཕྱིན་	ཤེར་ཕྱིན་	PROPN
བདུན་	བདུན་	NUM
བརྒྱ་པ་	བརྒྱ་པ་	NUM
།		PUNCT
ལྔ་	ལྔ་	NUM
བརྒྱ་པ་	བརྒྱ་པ་	NUM
།		PUNCT
སུམ་བརྒྱ་པ་	སུམ་བརྒྱ་པ་	OTHER
།		PUNCT
ཚུལ་	ཚུལ་	NOUN
བརྒྱ་	བརྒྱ་	NUM
ལྔ་	ལྔ་	NUM
བཅུ་པ་	བཅུ་པ་	NUM
།		PUNCT
ལྔ་	ལྔ་	NUM
བཅུ་པ་	བཅུ་པ་	NUM
།		PUNCT
སྒོ་	སྒོ་	NOUN
ཉེ་	ཉེ་	NUM
ལྔ་པ་	ལྔ་པ་	NUM
།		PUNCT
རབ་	རབ་	ADV
རྩལ་	རྩལ་	NOUN
རྣམ་གནོན་	རྣམ་གནོན་	NO_POS
གྱིས་	གིས་	PART
ཞུས་པ་	ཞུས་པ་	VERB
།		PUNCT
ཀཽའུ་		NON_WORD
ཤི་	ཤི་	VERB
ཀ་	ཀ་	DET
ས་	གིས་	PART
ཞུས་པ་	ཞུས་པ་	VERB
།		PUNCT
ཤེར་ཕྱིན་	ཤེར་ཕྱིན་	PROPN
ཡི་གེ་	ཡི་གེ་	NOUN
ཉུང་ངུ་	ཉུང་ངུ་	ADJ
།		PUNCT
ཤེར་ཕྱིན་	ཤེར་ཕྱིན་	PROPN
ཡི་གེ་	ཡི་གེ་	NOUN
གཅིག་	གཅིག་	NUM
མ་	མ་	PART
།		PUNCT
ཤེས་རབ་	ཤེས་རབ་	NOUN
སྙིང་པོ་	སྙིང་པོ་	NOUN
རྣམས་	རྣམས་	DET
སོ་	གོ་	PART
། །		PUNCT
དེ་དག་	དེ་དག་	OTHER
ཡུམ་སྲས་	ཡུམ་སྲས་	NOUN
སུ་	ལ་	PART
འཇོག་པ་	འཇོག་པ་	VERB
འི་	གི་	PART
དོན་	དོན་	NOUN
ནི་	ནི་	NO_POS
།		PUNCT
མངོན་རྟོགས་	མངོན་རྟོགས་	NOUN
བརྒྱད་	བརྒྱད་	NUM
ཀ་	ཀ་	DET
བསྟན་པ་	བསྟན་པ་	VERB
འི་	གི་	PART
མདོ་	མདོ་	NOUN
ལ་	ལ་	PART
ཡུམ་	ཡུམ་	NOUN
དང་	དང་	NO_POS
།		PUNCT
ཕྱོགས་	ཕྱོགས་	NOUN
རེ་བ་	རེ་བ་	VERB
བསྟན་པ་	བསྟན་པ་	VERB
འི་	གི་	PART
མདོ་	མདོ་	NOUN
ལ་	ལ་	PART
སྲ་	སྲ་	NOUN
སུ་	ལ་	PART
བཞག་པ་	བཞག་པ་	VERB
འོ་	གོ་	PART
། །		PUNCT
དེ་	སྟེ་	PART
ལ་	ལ་	PART
ཕྱི་	ཕྱི་	VERB
ཀྱི་	གི་	PART
མཁས་པ་	མཁས་པ་	VERB
དག་	དག་	DET
གིས་	གིས་	PART
།		PUNCT
ཡུམ་སྲས་	ཡུམ་སྲས་	NOUN
བཅུ་བདུན་	བཅུ་བདུན་	NO_POS
གྲངས་	གྲངས་	NOUN
འདྲེན་པ་	འདྲེན་པ་	VERB
མི་	མི་	PART
འཐད་	འཐད་	VERB
ཟེ་	ཟེ་	VERB
ན་	ནས་	PART
དགག་པ་	དགག་པ་	VERB
ནི་	ནི་	NO_POS
།		PUNCT
བཅོམ་ལྡན་འདས་	བཅོམ་ལྡན་འདས་	NOUN
ལ་	ལ་	PART
དགག་པ་	དགག་པ་	VERB
བརྗོད་པ་	བརྗོད་པ་	VERB
སྟེ་	སྟེ་	PART
།		PUNCT
ཀཽའུ་		NON_WORD
ཤི་	ཤི་	VERB
ཀ་	ཀ་	DET
ས་	གིས་	PART
ཞུས་པ་	ཞུས་པ་	VERB
ལ་	ལ་	ADP
ས་	གིས་	PART
།		PUNCT
བཅོམ་ལྡན་འདས་	བཅོམ་ལྡན་འདས་	NOUN
བྱ་རྒོད་	བྱ་རྒོད་	NOUN
ཕུང་པོ་	ཕུང་པོ་	NOUN
འི་	གི་	PART
རི་	རི་	NOUN
ལ་	ལ་	PART
བཞུགས་	བཞུགས་	VERB
ཏེ་	སྟེ་	PART
།		PUNCT
ཤེར་ཕྱིན་	ཤེར་ཕྱིན་	PROPN
ཡུམ་སྲས་	ཡུམ་སྲས་	NOUN
བཅུ་བདུན་	བཅུ་བདུན་	NO_POS
ཡོངས་སུ་	ཡོངས་སུ་	NO_POS
རྫོགས་པ་	རྫོགས་པ་	VERB
འི་	གི་	PART
སྐབས་	སྐབས་	NOUN
ན་	ལ་	PART
།		PUNCT
ཞེ་	ཅེས་	PART
གསུངས་པ་	གསུངས་པ་	VERB
འི་	གི་	PART
ཕྱི་	ཕྱི་	OTHER
།		PUNCT
ལུང་	ལུང་	NOUN
དེ་	དེ་	DET
ས་	གིས་	PART
གནོད་པ་	གནོད་པ་	VERB
ན་	ལ་	PART
མདོ་	མདོ་	NOUN
དེ་	སྟེ་	PART
སངས་རྒྱས་	སངས་རྒྱས་	NOUN
ཀྱིས་	གིས་	PART
གསུངས་པ་	གསུངས་པ་	VERB
མ་	མ་	PART
ཡིན་	ཡིན་	NO_POS
ཞེ་	ཅེས་	PART
སྐུར་་	སྐུར་པ་	NOUN
འདེབས་པ་	འདེབས་པ་	VERB
ནི་	ནི་	NO_POS
།		PUNCT
རྒྱ་ནག་	རྒྱ་ནག་	PROPN
ཧ་	ཧ་	NOUN
ཤང་	ཤང་	NO_POS
གིས་	གིས་	PART
ཁོ་རང་	ཁོ་རང་	NO_POS
གི་	གི་	PART
ལྟ་བ་	ལྟ་བ་	VERB
དང་	དང་	NO_POS
མ་	མ་	PART
མཐུན་པ་	མཐུན་པ་	VERB
འི་	གི་	PART
ཐེག་ཆེན་	ཐེག་ཆེན་	NOUN
གྱི་	གི་	PART
མདོ་	མདོ་	NOUN
རྣམ་རྟོག་པ་	རྣམ་རྟོག་པ་	NOUN
འི་	གི་	PART
དྲི་	དྲི་	NOUN
ཞབས་	ཞབས་	NOUN
སུ་	ལ་	PART
དྲིལ་བ་	དྲིལ་བ་	VERB
ར་	ལ་	PART
བྱས་པ་	བྱས་པ་	VERB
འི་	གི་	PART
ལོ་རྒྱུས་	ལོ་རྒྱུས་	NOUN
དང་	དང་	NO_POS
མཚུངས་པ་	མཚུངས་པ་	VERB
ཆོ་	ཆོ་	NOUN
སྤོང་	སྤོང་	VERB
གི་	གི་	PART
ལ་	ལ་	ADP
ས་	གིས་	PART
ཚབས་པོ་	ཚབས་པོ་	NOUN
ཆེ་	ཆེ་	VERB
བསགས་པ་	བསགས་པ་	VERB
ལ་	ལ་	ADP
ས་	གིས་	PART
གཞན་	གཞན་	DET
རྒྱུ་མཚན་	རྒྱུ་མཚན་	NOUN
ཡང་དག་	ཡང་དག་	ADJ
མེད་པ་	མེད་པ་	VERB
འོ་	གོ་	PART
"།
།"		PUNCT
ཡུམ་སྲས་	ཡུམ་སྲས་	NOUN
བཅུ་བདུན་	བཅུ་བདུན་	NO_POS
གྱི་	གི་	PART
ཐ་སྙད་	ཐ་སྙད་	NOUN
འདོགས་པ་	འདོགས་པ་	VERB
ལ་	ལ་	PART
རིགས་པ་	རིགས་པ་	VERB
ས་	གིས་	PART
གནོད་པ་	གནོད་པ་	VERB
གང་ཡང་	གང་ཡང་	NO_POS
མེད་	མེད་	VERB
དེ་	སྟེ་	PART
།		PUNCT
སྟོན་པ་	སྟོན་པ་	NOUN
སངས་རྒྱས་	སངས་རྒྱས་	NOUN
ཀྱིས་	གིས་	PART
ཤེར་ཕྱིན་	ཤེར་ཕྱིན་	PROPN
གྱི་	གི་	PART
མདོ་	མདོ་	NOUN
བཅུ་བདུན་	བཅུ་བདུན་	NO_POS
དཀྱུས་གཅིག་	དཀྱུས་གཅིག་	NO_POS
ཏུ་	ལ་	PART
གསུངས་པ་	གསུངས་པ་	VERB
ལ་	ལ་	PART
ཡུམ་སྲས་པ་	ཡུམ་སྲས་པ་	NOUN
ལ་	ལ་	PART
བཅུ་བདུན་	བཅུ་བདུན་	NO_POS
ཞེ་	ཅེས་	PART
མིང་འདོགས་	མིང་འདོགས་	NO_POS
མཛད་	མཛད་	VERB
ན་	ལ་	PART
།		PUNCT
སླར་ཡང་	སླར་ཡང་	OTHER
ཤེར་ཕྱིན་	ཤེར་ཕྱིན་	PROPN
མདོ་	མདོ་	NOUN
གཞན་དག་	གཞན་དག་	NO_POS
ཀྱང་	ཀྱང་	PART
གསུངས་པ་	གསུངས་པ་	VERB
ལ་	ལ་	PART
མི་	མི་	PART
འཐད་པ་	འཐད་པ་	VERB
གཏན་	གཏན་	NOUN
ན་	ནས་	PART
མེད་པ་	མེད་པ་	VERB
ས་	གིས་	PART
སོ་	གོ་	PART
།		PUNCT
ཤེར་ཕྱིན་	ཤེར་ཕྱིན་	PROPN
གྱི་	གི་	PART
མདོ་	མདོ་	NOUN
ལ་	ལ་	PART
བཅུ་བདུན་	བཅུ་བདུན་	NO_POS
དུ་	ལ་	PART
གྲངས་	གྲངས་	NOUN
ངེས་	ངེས་	VERB
བྱེད་པ་	བྱེད་པ་	VERB
མི་	མི་	PART
འཐད་	འཐད་	VERB
དེ་	སྟེ་	PART
།		PUNCT
དེ་	སྟེ་	PART
གྲངས་	གྲངས་	NOUN
ཉུང་བ་	ཉུང་བ་	VERB
འི་	གི་	PART
སྐྱོན་	སྐྱོན་	NOUN
ཡོད་	ཡོད་	VERB
དེ་	སྟེ་	PART
།		PUNCT
ཤེར་ཕྱིན་	ཤེར་ཕྱིན་	PROPN
ཉི་མ་	ཉི་མ་	NOUN
འི་	གི་	PART
སྙིང་པོ་	སྙིང་པོ་	NOUN
།		PUNCT
ཟླ་བ་	ཟླ་བ་	NOUN
འི་	གི་	PART
སྙིང་པོ་	སྙིང་པོ་	NOUN
།		PUNCT
ཀུན་	ཀུན་	DET
ཏུ་	ལ་	PART
བཟང་པོ་	བཟང་པོ་	ADJ
།		PUNCT
ལག་	ལག་	NOUN
ན་	ལ་	PART
རྡོ་རྗེ་	རྡོ་རྗེ་	NOUN
།		PUNCT
རྡོ་རྗེ་	རྡོ་རྗེ་	NOUN
རྒྱལ་མཚན་	རྒྱལ་མཚན་	NOUN
གྱིས་	གིས་	PART
ཞུས་པ་	ཞུས་པ་	VERB
རྣམས་	རྣམས་	DET
དེ་	དེ་	DET
ར་	ལ་	PART
མ་	མ་	PART
འདུས་པ་	འདུས་པ་	VERB
འི་	གི་	PART
ཕྱི་	ཕྱི་	OTHER
གྲངས་	གྲངས་	NOUN
མང་བ་	མང་བ་	VERB
འི་	གི་	PART
སྐྱོན་	སྐྱོན་	NOUN
ཡོད་	ཡོད་	VERB
དེ་	སྟེ་	PART
།		PUNCT
མདོ་	མདོ་	NOUN
སྡུད་པ་	སྡུད་པ་	VERB
ཁྲི་	ཁྲི་	NUM
བརྒྱད་	བརྒྱད་	NUM
སྟོང་པ་	སྟོང་པ་	VERB
འི་	གི་	PART
ལེའུ་	ལེའུ་	NOUN
གཅིག་	གཅིག་	NUM
ཡིན་པ་	ཡིན་པ་	AUX
ས་	གིས་	PART
དེ་	སྟེ་	PART
ཟུར་	ཟུར་	NOUN
དུ་	ལ་	PART
འདྲེན་	འདྲེན་	NO_POS
ན་	ལ་	PART
ལེའུ་	ལེའུ་	NOUN
གཞན་	གཞན་	DET
ཡང་	ཀྱང་	PART
འདྲེན་	འདྲེན་	NO_POS
དགོས་	དགོས་	VERB
ཏེ་	སྟེ་	PART
མཚུངས་པ་	མཚུངས་པ་	VERB
འི་	གི་	PART
ཕྱི་	ཕྱི་	OTHER
ཞེ་	ཅེས་	PART
བཀོད་པ་	བཀོད་པ་	VERB
ནི་	ནི་	NO_POS
ཐལ་བ་	ཐལ་བ་	NOUN
ལྟ་	ལྟ་	OTHER
སྣང་	སྣང་	VERB
སྟེ་	སྟེ་	PART
།		PUNCT
ཁྱེད་	ཁྱེད་	PRON
ཀྱིས་	གིས་	PART
ཀྱང་	ཀྱང་	PART
།		PUNCT
ཤེར་ཕྱིན་	ཤེར་ཕྱིན་	PROPN
གྱི་	གི་	PART
མདོ་	མདོ་	NOUN
ལ་	ལ་	PART
རྗེས་	རྗེས་	NOUN
འབྲིང་	འབྲིང་	NOUN
བསྡུ་	བསྡུ་	VERB
གསུམ་	གསུམ་	NUM
དུ་	ལ་	PART
གྲངས་	གྲངས་	NOUN
ངེས་	ངེས་	VERB
བྱེད་པ་	བྱེད་པ་	VERB
མི་	མི་	PART
འཐད་པ་	འཐད་པ་	VERB
ར་	ལ་	PART
ཐལ་	ཐལ་	VERB
།		PUNCT
དེ་དག་	དེ་དག་	OTHER
དེ་	དེ་	DET
ར་	ལ་	PART
མ་	མ་	PART
འདུས་པ་	འདུས་པ་	VERB
འི་	གི་	PART
ཕྱི་	ཕྱི་	OTHER
།		PUNCT
ཁྱབ་པ་	ཁྱབ་པ་	VERB
ཁ་	ཁ་	PRON
ས་	གིས་	PART
ཞེ་	ཅེས་	PART
བཀོད་	བཀོད་	VERB
ན་	ལ་	PART
མཚུངས་པ་	མཚུངས་པ་	VERB
འི་	གི་	PART
ཕྱི་	ཕྱི་	OTHER
།		PUNCT
ངེད་	ངེད་	PRON
ཅག་	ཅག་	NO_POS
གིས་	གིས་	PART
སྤྱི་		
ཤེར་ཕྱིན་	ཤེར་ཕྱིན་	PROPN
མདོ་	མདོ་	NOUN
ལ་	ལ་	PART
རྒྱ་	རྒྱ་	VERB
འབྲིང་	འབྲིང་	NOUN
བསྡུ་	བསྡུ་	VERB
གསུམ་	གསུམ་	NUM
ཁོ་ན་	ཁོ་ན་	DET
ལ་	ལ་	ADP
ས་	གིས་	PART
མེད་	མེད་	VERB
ཞེ་	ཅེས་	PART
ཁ་ཚོན་	ཁ་ཚོན་	NOUN
བཅད་པ་	བཅད་པ་	VERB
མ་	མ་	PART
ཡིན་	ཡིན་	NO_POS
གྱི་	གི་	PART
།		PUNCT
མངོན་རྟོགས་	མངོན་རྟོགས་	NOUN
རྒྱན་	རྒྱན་	NOUN
གྱི་	གི་	PART
བཤད་	བཤད་	VERB
བྱ་	བྱ་	VERB
རྩ་བ་	རྩ་བ་	NOUN
འི་	གི་	PART
མདོ་	མདོ་	NOUN
ལ་	ལ་	PART
ཤེར་ཕྱིན་	ཤེར་ཕྱིན་	PROPN
གྱི་	གི་	PART
མདོ་	མདོ་	NOUN
གཙོ་བོ་	གཙོ་བོ་	ADJ
གསུམ་	གསུམ་	NUM
བགྲངས་པ་	བགྲངས་པ་	NON_WORD
ཡིན་པ་	ཡིན་པ་	AUX
ས་	གིས་	PART
སྐྱོན་མེད་	སྐྱོན་མེད་	ADJ
ཅེ་ན་	ཅེ་ན་	PART
།		PUNCT
དེ་དག་	དེ་དག་	OTHER
གིས་	གིས་	PART
ཀྱང་	ཀྱང་	PART
སྤྱི་		
ཤེར་ཕྱིན་	ཤེར་ཕྱིན་	PROPN
མདོ་	མདོ་	NOUN
ལ་	ལ་	PART
བཅུ་བདུན་	བཅུ་བདུན་	NO_POS
ལ་	ལ་	ADP
ས་	གིས་	PART
མེད་	མེད་	VERB
ཅེས་	ཅེས་	PART
མ་	མ་	PART
སྨྲ་	སྨྲ་	VERB
ས་	གིས་	PART
ཀྱི་	གི་	PART
།		PUNCT
རྒྱན་	རྒྱན་	NOUN
གྱི་	གི་	PART
བཤད་	བཤད་	VERB
མདོ་	མདོ་	NOUN
ཤེར་ཕྱིན་	ཤེར་ཕྱིན་	PROPN
གྱི་	གི་	PART
མདོ་	མདོ་	NOUN
གཙོ་བོ་	གཙོ་བོ་	ADJ
བཅུ་བདུན་	བཅུ་བདུན་	NO_POS
དུ་	ལ་	PART
གྲངས་	གྲངས་	NOUN
འདྲེན་པ་	འདྲེན་པ་	VERB
ལ་	ལ་	PART
སྐྱོན་	སྐྱོན་	NOUN
དེ་	སྟེ་	PART
མེད་	མེད་	VERB
དོ་	གོ་	PART
ཞེ་	ཅེས་	PART
སྨྲ་	སྨྲ་	VERB
ན་	ན་	ADP
འང་	ཀྱང་	PART
མཚུངས་པ་	མཚུངས་པ་	VERB
ར་	ལ་	PART
འགྱུར་	འགྱུར་	VERB
རོ་	རོ་	NOUN
"།
།"		PUNCT
སྡུད་པ་	སྡུད་པ་	VERB
ཁྲི་	ཁྲི་	NUM
བརྒྱད་	བརྒྱད་	NUM
སྟོང་པ་	སྟོང་པ་	VERB
འི་	གི་	PART
ལེའུ་	ལེའུ་	NOUN
གཅིག་	གཅིག་	NUM
ཡིན་པ་	ཡིན་པ་	AUX
ར་	ལ་	PART
ཐུགས་བདེན་	ཐུགས་བདེན་	NO_POS
མོད་	མོད་	VERB
།		PUNCT
དེ་	སྟེ་	PART
ལེའུ་	ལེའུ་	NOUN
གཞན་	གཞན་	DET
དང་	དང་	NO_POS
མཚུངས་	མཚུངས་	VERB
དགོས་པ་	དགོས་པ་	VERB
ནི་	ནི་	NO_POS
མ་	མ་	PART
ཡིན་	ཡིན་	NO_POS
ཏེ་	སྟེ་	PART
།		PUNCT
སྡུད་པ་	སྡུད་པ་	VERB
དང་	དང་	NO_POS
རྒྱན་	རྒྱན་	NOUN
སྦྱར་བ་	སྦྱར་བ་	VERB
འི་	གི་	PART
འགྲེལ་བ་	འགྲེལ་བ་	NOUN
གསུམ་	གསུམ་	NUM
ཡོད་	ཡོད་	VERB
ལ་	ལ་	PART
།		PUNCT
ལེའུ་	ལེའུ་	NOUN
གཞན་	གཞན་	DET
དང་	དང་	NO_POS
རྒྱན་	རྒྱན་	NOUN
སྦྱར་བ་	སྦྱར་བ་	VERB
འི་	གི་	PART
འགྲེལ་བ་	འགྲེལ་བ་	NOUN
མེད་པ་	མེད་པ་	VERB
ར་	ལ་	PART
དེ་	སྟེ་	PART
རྒྱུ་མཚན་	རྒྱུ་མཚན་	NOUN
གང་ཡིན་	གང་ཡིན་	NO_POS
བསམ་	བསམ་	NOUN
དགོས་པ་	དགོས་པ་	VERB
འི་	གི་	PART
ཕྱི་	ཕྱི་	OTHER
རོ་	རོ་	NOUN
།།		PUNCT
ལེའུ་	ལེའུ་	NOUN
ཙམ་	ཙམ་	DET
དུ་	ལ་	PART
མཚུངས་པ་	མཚུངས་པ་	VERB
ས་	གིས་	PART
བརྗོད་བྱ་	བརྗོད་བྱ་	NOUN
འང་	ཀྱང་	PART
གཅིག་པ་	གཅིག་པ་	ADJ
ཡིན་	ཡིན་	NO_POS
དགོས་པ་	དགོས་པ་	VERB
ར་	ལ་	PART
བསམ་པ་	བསམ་པ་	VERB
ནི་	ནི་	NO_POS
།		PUNCT
སྲོག་ཆགས་	སྲོག་ཆགས་	NOUN
ཙམ་	ཙམ་	DET
དུ་	ལ་	PART
མཚུངས་པ་	མཚུངས་པ་	VERB
ས་	གིས་	PART
ཝ་	ཝ་	OTHER
དང་	དང་	NO_POS
སེང་གེ་	སེང་གེ་	NOUN
གཉིས་	གཉིས་	NUM
གཅིག་	གཅིག་	NUM
ཡིན་པ་	ཡིན་པ་	AUX
དང་	དང་	NO_POS
།		PUNCT
ཤེས་བྱ་	ཤེས་བྱ་	VERB
ཙམ་	ཙམ་	DET
དུ་	ལ་	PART
མཚུངས་པ་	མཚུངས་པ་	VERB
ས་	གིས་	PART
རྟོག་པ་	རྟོག་པ་	VERB
དང་	དང་	NO_POS
བུམ་པ་	བུམ་པ་	NOUN
གཉིས་	གཉིས་	NUM
གཅིག་	གཅིག་	NUM
ཡིན་པ་	ཡིན་པ་	AUX
ར་	ལ་	PART
སེམས་པ་	སེམས་པ་	VERB
འི་	གི་	PART
རིགས་པ་	རིགས་པ་	VERB
ལགས་སོ་	ལགས་སོ་	NO_POS
"།
།"		PUNCT
རྒྱན་	རྒྱན་	NOUN
གྱི་	གི་	PART
བཤད་	བཤད་	VERB
མདོ་	མདོ་	NOUN
ལ་	ལ་	PART
རྒྱ་	རྒྱ་	VERB
འབྲིང་	འབྲིང་	NOUN
བསྡུ་	བསྡུ་	VERB
གསུམ་	གསུམ་	NUM
ཁོ་ན་	ཁོ་ན་	DET
དགོས་	དགོས་	VERB
ཀྱི་	གི་	PART
དེ་ལས་	དེ་ལས་	NO_POS
གཞན་	གཞན་	DET
ཡུམ་སྲས་	ཡུམ་སྲས་	NOUN
བཅུ་བདུན་	བཅུ་བདུན་	NO_POS
འཇོག་	འཇོག་	VERB
ན་	ལ་	PART
འགྲེལ་བ་	འགྲེལ་བ་	NOUN
དོན་	དོན་	NOUN
གསལ་	གསལ་	VERB
དང་	དང་	NO_POS
འགལ་བ་	འགལ་བ་	VERB
ས་	གིས་	PART
མི་	མི་	PART
རུང་	རུང་	SCONJ
ངོ་	གོ་	PART
ཞེ་	ཅེས་	PART
བསམ་པ་	བསམ་པ་	VERB
ར་	ལ་	PART
མི་	མི་	PART
བྱ་	བྱ་	VERB
སྟེ་	སྟེ་	PART
།		PUNCT
ཀུན་	ཀུན་	DET
གྱི་	གི་	PART
རྒྱན་	རྒྱན་	NOUN
དུ་	ལ་	PART
འགྱུར་བ་	འགྱུར་བ་	VERB
ནི་	ནི་	NO_POS
།།		PUNCT
ཞེ་	ཅེས་	PART
དང་	དང་	NO_POS
།		PUNCT
བསྟན་བཅོས་	བསྟན་བཅོས་	NOUN
མཐའ་དག་	མཐའ་དག་	DET
འདི་	འདི་	DET
དེ་ལྟ་	དེ་ལྟ་	NO_POS
།།		PUNCT
རྙེད་པ་	རྙེད་པ་	VERB
གང་དེ་	གང་དེ་	NO_POS
ཡ་མཚན་	ཡ་མཚན་	ADJ
ནོ་	གོ་	PART
།།		PUNCT
ཞེ་	ཅེས་	PART
སོགས་	སོགས་	DET
ཀྱི་	གི་	PART
དོན་འགྲེལ་བ་	དོན་འགྲེལ་བ་	OTHER
དོན་	དོན་	NOUN
གསལ་	གསལ་	VERB
འགྲེལ་བ་	འགྲེལ་བ་	NOUN
གཞན་	གཞན་	DET
ལ་	ལ་	ADP
ས་	གིས་	PART
ཁྱད་པར་	ཁྱད་པར་	NOUN
འཕགས་	འཕགས་	VERB
ཆོ་	ཆོ་	NOUN
མངོན་རྟོགས་	མངོན་རྟོགས་	NOUN
རྒྱན་	རྒྱན་	NOUN
ཡུམ་	ཡུམ་	NOUN
ཀུན་	ཀུན་	DET
གྱི་	གི་	PART
རྒྱན་	རྒྱན་	NOUN
དུ་	ལ་	PART
གྱུར་པ་	གྱུར་པ་	VERB
འགྲེལ་བ་	འགྲེལ་བ་	NOUN
ལ་	ལ་	PART
བྱེད་	བྱེད་	VERB
དགོས་	དགོས་	VERB
ན་	ལ་	PART
ཡོན་ཏན་	ཡོན་ཏན་	NOUN
ལྷག་པ་		
ཐོབ་པ་	ཐོབ་པ་	VERB
ལ་	ལ་	ADP
ས་	གིས་	PART
སྐྱོན་	སྐྱོན་	NOUN
གཏན་	གཏན་	NOUN
ན་	ནས་	PART
མེད་པ་	མེད་པ་	VERB
འི་	གི་	PART
ཕྱི་	ཕྱི་	OTHER
རོ་	རོ་	NOUN
"།
།"		PUNCT
ཤེ་		
མདོ་	མདོ་	NOUN
གཙོ་བོ་	གཙོ་བོ་	ADJ
གསུམ་	གསུམ་	NUM
གྱི་	གི་	PART
རྒྱན་	རྒྱན་	NOUN
དུ་	ལ་	PART
གྱུར་པ་	གྱུར་པ་	VERB
རྟོགས་པ་	རྟོགས་པ་	VERB
ས་	གིས་	PART
ཁྱད་པར་	ཁྱད་པར་	NOUN
འཕགས་པ་	འཕགས་པ་	VERB
ཡིན་	ཡིན་	NO_POS
ན་	ལ་	PART
ཤེ་		
མདོ་	མདོ་	NOUN
གཙོ་བོ་	གཙོ་བོ་	ADJ
བཅུ་བདུན་	བཅུ་བདུན་	NO_POS
གྱི་	གི་	PART
རྒྱན་	རྒྱན་	NOUN
དུ་	ལ་	PART
གྱུར་པ་	གྱུར་པ་	VERB
རྟོགས་	རྟོགས་	VERB
ན་	ལ་	PART
ཅིས་	ཅིས་	NO_POS
ཁྱད་པར་	ཁྱད་པར་	NOUN
མི་	མི་	PART
འཕགས་	འཕགས་	VERB
ལེགས་པ་	ལེགས་པ་	VERB
ར་	ལ་	PART
བསམ་	བསམ་	NOUN
དགོས་པ་	དགོས་པ་	VERB
ས་	གིས་	PART
སོ་	གོ་	PART
"།
།"		PUNCT
དེས་ན་	དེས་ན་	NO_POS
རྒྱན་	རྒྱན་	NOUN
གྱི་	གི་	PART
བཤད་	བཤད་	VERB
བྱ་	བྱ་	VERB
རྩ་བ་	རྩ་བ་	NOUN
འི་	གི་	PART
མདོ་	མདོ་	NOUN
གཙོ་བོ་	གཙོ་བོ་	ADJ
ནི་	ནི་	NO_POS
ཡུམ་	ཡུམ་	NOUN
དྲུག་པོ་	དྲུག་པོ་	NUM
དག་	དག་	DET
ཡིན་	ཡིན་	NO_POS
ཏེ་	སྟེ་	PART
།		PUNCT
རྒྱན་	རྒྱན་	NOUN
གྱི་	གི་	PART
བརྗོད་བྱ་	བརྗོད་བྱ་	NOUN
མངོན་རྟོགས་	མངོན་རྟོགས་	NOUN
ཀྱི་	གི་	PART
རིམ་པ་	རིམ་པ་	NOUN
དང་	དང་	NO_POS
སྦྱར་	སྦྱར་	VERB
རུང་	རུང་	SCONJ
དུ་ཡོད་པ་	དུ་ཡོད་པ་	NO_POS
འི་	གི་	PART
མདོ་	མདོ་	NOUN
ཡིན་པ་	ཡིན་པ་	AUX
ས་	གིས་	PART
སོ་	གོ་	PART
"།
།"		PUNCT
དེ་	སྟེ་	PART
ལ་	ལ་	PART
འབུམ་	འབུམ་	NUM
།		PUNCT
ཉི་ཁྲི་	ཉི་ཁྲི་	OTHER
།		PUNCT
བརྒྱད་	བརྒྱད་	NUM
སྟོང་པ་	སྟོང་པ་	VERB
།		PUNCT
སྡུད་པ་	སྡུད་པ་	VERB
བཞི་	བཞི་	NUM
དང་	དང་	NO_POS
རྒྱན་	རྒྱན་	NOUN
སྦྱར་བ་	སྦྱར་བ་	VERB
འི་	གི་	PART
རྒྱ་འགྲེལ་	རྒྱ་འགྲེལ་	NOUN
དངོ་	དངོ་	NOUN
སུ་	ལ་	PART
ཡོད་པ་	ཡོད་པ་	VERB
དེ་	དེ་	DET
ས་	གིས་	PART
གསལ་	གསལ་	VERB
ལ་	ལ་	PART
།		PUNCT
འཇམ་པ་	འཇམ་པ་	VERB
འི་	གི་	PART
དབྱངས་	དབྱངས་	NOUN
ཨ་	ཨ་	X
བུ་	བུ་	NOUN
འི་	གི་	PART
ཤེར་ཕྱིན་	ཤེར་ཕྱིན་	PROPN
སྤྱི་དོན་	སྤྱི་དོན་	NOUN
དུ་	ལ་	PART
མདོ་	མདོ་	NOUN
སྡུད་པ་	སྡུད་པ་	VERB
དང་	དང་	NO_POS
སྦྱར་བ་	སྦྱར་བ་	VERB
ས་	གིས་	PART
དོན་	དོན་	NOUN
གྱིས་	གིས་	PART
ཁྲི་	ཁྲི་	NUM
བརྒྱད་	བརྒྱད་	NUM
སྟོང་པ་	སྟོང་པ་	VERB
ཡང་	ཀྱང་	PART
སྦྱར་བ་	སྦྱར་བ་	VERB
ར་	ལ་	PART
འགྱུར་	འགྱུར་	VERB
ལ་	ལ་	PART
།		PUNCT
ཤེས་རབ་	ཤེས་རབ་	NOUN
ཁྲི་པ་	ཁྲི་པ་	ADJ
དང་	དང་	NO_POS
ཡང་	ཀྱང་	PART
སྦྱར་	སྦྱར་	VERB
དུ་	ལ་	PART
རུང་བ་	རུང་བ་	VERB
ར་	ལ་	PART
མངོན་	མངོན་	VERB
ནོ་	གོ་	PART
ཞེ་	ཅེས་	PART
གསུངས་པ་	གསུངས་པ་	VERB
དོན་	དོན་	NOUN
ལ་	ལ་	PART
གནས་པ་	གནས་པ་	VERB
ས་	གིས་	PART
སོ་	གོ་	PART
"།
།"		PUNCT
དེས་ན་	དེས་ན་	NO_POS
སྲ་	སྲ་	NOUN
བཅུ་གཅིག་	བཅུ་གཅིག་	NO_POS
སོགས་	སོགས་	DET
ཀྱང་	ཀྱང་	PART
བཤད་	བཤད་	VERB
མདོ་	མདོ་	NOUN
ཕལ་པ་	ཕལ་པ་	NOUN
ཡིན་པ་	ཡིན་པ་	AUX
འང་	ཀྱང་	PART
འགྱུར་	འགྱུར་	VERB
རོ་	རོ་	NOUN
། །		PUNCT
མདོར་ན་	མདོར་ན་	NO_POS
རྒྱན་	རྒྱན་	NOUN
གྱི་	གི་	PART
བཤད་	བཤད་	VERB
མདོ་	མདོ་	NOUN
ལ་	ལ་	PART
རྒྱ་	རྒྱ་	VERB
འབྲིང་	འབྲིང་	NOUN
བསྡུ་	བསྡུ་	VERB
གསུམ་	གསུམ་	NUM
འཇོག་	འཇོག་	VERB
ཀྱང་	ཀྱང་	PART
རུང་	རུང་	SCONJ
།		PUNCT
ཡུམ་སྲས་	ཡུམ་སྲས་	NOUN
བཅུ་བདུན་	བཅུ་བདུན་	NO_POS
འཇོག་	འཇོག་	VERB
ཀྱང་	ཀྱང་	PART
རུང་	རུང་	SCONJ
།		PUNCT
སྤྱི་		
ཤེ་		
མདོ་	མདོ་	NOUN
དང་	དང་	NO_POS
།		PUNCT
བྱེ་བྲག་	བྱེ་བྲག་	NOUN
རྒྱན་	རྒྱན་	NOUN
གྱི་	གི་	PART
བཤད་	བཤད་	VERB
མདོ་	མདོ་	NOUN
ལ་	ལ་	PART
དེ་	སྟེ་	PART
ཁོ་ན་	ཁོ་ན་	DET
ར་	ལ་	PART
ཁ་ཚོན་	ཁ་ཚོན་	NOUN
ཆོད་པ་	ཆོད་པ་	VERB
མ་	མ་	PART
ཡིན་མོད་	ཡིན་མོད་	NO_POS
།		PUNCT
དེ་	སྟེ་	PART
ལ་སོགས་པ་	ལ་སོགས་པ་	NO_POS
ཞེ་	ཅེས་	PART
འཇོག་	འཇོག་	VERB
ན་	ལ་	PART
གང་ལྟར་	གང་ལྟར་	NO_POS
ཡང་	ཀྱང་	PART
འགལ་བ་	འགལ་བ་	VERB
མེད་པ་	མེད་པ་	VERB
ར་	ལ་	PART
འཁུམས་	འཁུམས་	NO_POS
སོ་	གོ་	PART
"།
།"		PUNCT
རྒྱ་འགྲེལ་	རྒྱ་འགྲེལ་	NOUN
ཉེ་	ཉེ་	NUM
གཅིག་	གཅིག་	NUM
ནི་	ནི་	NO_POS
།		PUNCT
མདོ་	མདོ་	NOUN
རྒྱན་	རྒྱན་	NOUN
སྦྱར་བ་	སྦྱར་བ་	VERB
འི་	གི་	PART
འགྲེལ་བ་	འགྲེལ་བ་	NOUN
བཅུ་གཉིས་	བཅུ་གཉིས་	NO_POS
།		PUNCT
མ་	མ་	PART
སྦྱར་བ་	སྦྱར་བ་	VERB
དགུ་	དགུ་	NUM
ཡོད་	ཡོད་	VERB
དོ་	གོ་	PART
། །		PUNCT
དང་པོ་	དང་པོ་	ADJ
ལ་	ལ་	PART
།		PUNCT
ཉི་ཁྲི་	ཉི་ཁྲི་	OTHER
དང་	དང་	NO_POS
སྦྱར་བ་	སྦྱར་བ་	VERB
བཞི་	བཞི་	NUM
།		PUNCT
བརྒྱད་	བརྒྱད་	NUM
སྟོང་པ་	སྟོང་པ་	VERB
དང་	དང་	NO_POS
སྦྱར་བ་	སྦྱར་བ་	VERB
གསུམ་	གསུམ་	NUM
།		PUNCT
མདོ་	མདོ་	NOUN
སྡུད་པ་	སྡུད་པ་	VERB
དང་	དང་	NO_POS
སྦྱར་བ་	སྦྱར་བ་	VERB
གསུམ་	གསུམ་	NUM
།		PUNCT
འབུམ་	འབུམ་	NUM
རྐྱང་པ་	རྐྱང་པ་	NO_POS
དང་	དང་	NO_POS
སྦྱར་བ་	སྦྱར་བ་	VERB
གཅིག་	གཅིག་	NUM
།		PUNCT
འབུམ་	འབུམ་	NUM
ཉི་ཁྲི་	ཉི་ཁྲི་	OTHER
བརྒྱད་	བརྒྱད་	NUM
སྟོང་པ་	སྟོང་པ་	VERB
སྟེ་	སྟེ་	PART
ཡུམ་	ཡུམ་	NOUN
གསུམ་	གསུམ་	NUM
ཀ་	ཀ་	DET
དང་	དང་	NO_POS
སྦྱར་བ་	སྦྱར་བ་	VERB
གཅིག་	གཅིག་	NUM
རྣམས་	རྣམས་	DET
སོ་	གོ་	PART
། །		PUNCT
དང་པོ་	དང་པོ་	ADJ
བཞི་	བཞི་	NUM
ནི་	ནི་	NO_POS
།		PUNCT
འཕགས་པ་	འཕགས་པ་	VERB
རྣམ་གྲོལ་	རྣམ་གྲོལ་	NOUN
སྡེ་	སྡེ་	NOUN
ས་	གིས་	PART
མཛད་པ་	མཛད་པ་	VERB
འི་	གི་	PART
ཉི་ཁྲི་	ཉི་ཁྲི་	OTHER
སྣང་བ་	སྣང་བ་	VERB
བཙུན་པ་	བཙུན་པ་	NOUN
གྲོལ་	གྲོལ་	VERB
སྡེ་	སྡེ་	NOUN
ས་	གིས་	PART
མཛད་པ་	མཛད་པ་	VERB
འི་	གི་	PART
ཉི་ཁྲི་	ཉི་ཁྲི་	OTHER
རྣམ་འགྲེལ་	རྣམ་འགྲེལ་	PROPN
།		PUNCT
སློབ་དཔོན་	སློབ་དཔོན་	NOUN
སེངྒེ་		NON_WORD
བཟང་པོ་	བཟང་པོ་	ADJ
ས་	གིས་	PART
མཛད་པ་	མཛད་པ་	VERB
འི་	གི་	PART
ཉི་ཁྲི་	ཉི་ཁྲི་	OTHER
ལེ་	ལེ་	NO_POS
བརྒྱད་	བརྒྱད་	NUM
མ་	མ་	PART
།		PUNCT
ཤཱནྟི་པ་	ཤཱནྟི་པ་	NON_WORD
ས་	གིས་	PART
མཛད་པ་	མཛད་པ་	VERB
འི་	གི་	PART
ཉི་ཁྲི་	ཉི་ཁྲི་	OTHER
དག་	དག་	DET
ལྡན་	ལྡན་	VERB
རྣམས་	རྣམས་	DET
སོ་	གོ་	PART
། །		PUNCT
གཉིས་པ་	གཉིས་པ་	NUM
གསུམ་	གསུམ་	NUM
ནི་	ནི་	NO_POS
སློབ་དཔོན་	སློབ་དཔོན་	NOUN
སེངྒེ་		NON_WORD
བཟང་པོ་	བཟང་པོ་	ADJ
ས་	གིས་	PART
མཛད་པ་	མཛད་པ་	VERB
འི་	གི་	PART
བརྒྱད་	བརྒྱད་	NUM
སྟོང་	སྟོང་	NUM
འགྲེལ་ཆེན་	འགྲེལ་ཆེན་	NOUN
རྒྱན་	རྒྱན་	NOUN
སྣང་	སྣང་	VERB
།		PUNCT
ཤཱནྟི་པ་	ཤཱནྟི་པ་	NON_WORD
ས་	གིས་	PART
མཛད་པ་	མཛད་པ་	VERB
འི་	གི་	PART
སྙིང་པོ་	སྙིང་པོ་	NOUN
མཆོག་	མཆོག་	ADJ
།		PUNCT
ཨ་	ཨ་	X
བྷྱ་		NON_WORD
ཀཱ་	ཀཱ་	NO_POS
ར་	ར་	NOUN
མཛད་པ་	མཛད་པ་	VERB
འི་	གི་	PART
གནད་	གནད་	NOUN
ཀྱི་	གི་	PART
ཟླ་འོད་	ཟླ་འོད་	PROPN
རྣམས་	རྣམས་	DET
སོ་	གོ་	PART
།།		PUNCT
གསུམ་པ་	གསུམ་པ་	NUM
གསུམ་	གསུམ་	NUM
ནི་	ནི་	NO_POS
།		PUNCT
སློབ་དཔོན་	སློབ་དཔོན་	NOUN
སེངྒེ་		NON_WORD
བཟང་པོ་	བཟང་པོ་	ADJ
ས་	གིས་	PART
མཛད་པ་	མཛད་པ་	VERB
འི་	གི་	PART
སྡུད་པ་	སྡུད་པ་	VERB
འི་	གི་	PART
དཀའ་འགྲེལ་	དཀའ་འགྲེལ་	NOUN
རྟོགས་	རྟོགས་	VERB
སླ་	སླ་	VERB
།		PUNCT
སངས་རྒྱས་	སངས་རྒྱས་	NOUN
ཡེ་ཤེས་	ཡེ་ཤེས་	NOUN
ཞབས་	ཞབས་	NOUN
ཀྱིས་	གིས་	PART
མཛད་པ་	མཛད་པ་	VERB
འི་	གི་	PART
སྡུད་པ་	སྡུད་པ་	VERB
འི་	གི་	PART
དཀའ་འགྲེལ་	དཀའ་འགྲེལ་	NOUN
།		PUNCT
ཁ་ཆེ་	ཁ་ཆེ་	PROPN
		
རྨ་	རྨ་	NOUN
ཤྲཱི་		NON_WORD
མཛད་པ་	མཛད་པ་	VERB
འི་	གི་	PART
ཤེར་ཕྱིན་	ཤེར་ཕྱིན་	PROPN
མཛོད་	མཛོད་	NOUN
ཀྱི་	གི་	PART
ལྡེ་མིག་	ལྡེ་མིག་	NOUN
རྣམས་	རྣམས་	DET
སོ་	གོ་	PART
། །		PUNCT
བཞི་པ་	བཞི་པ་	ADJ
ནི་	ནི་	NO_POS
།		PUNCT
ཁ་ཆེ་	ཁ་ཆེ་	PROPN
		
རྨ་	རྨ་	NOUN
ཤྲཱིས་		NON_WORD
མཛད་པ་	མཛད་པ་	VERB
ར་	ལ་	PART
གྲགས་པ་	གྲགས་པ་	VERB
འི་	གི་	PART
སྟོང་ཕྲག་	སྟོང་ཕྲག་	OTHER
བརྒྱ་པ་	བརྒྱ་པ་	NUM
འི་	གི་	PART
བཤད་པ་	བཤད་པ་	VERB
འོ་	གོ་	PART
"།
།"		PUNCT
ལྔ་པ་	ལྔ་པ་	NUM
ནི་	ནི་	NO_POS
།		PUNCT
ཇོ་བོ་	ཇོ་བོ་	NOUN
སྨྲྀ་		NON_WORD
ཏི་	ཏི་	NO_POS
ཛྙཱ་ན་	ཛྙཱ་ན་	PROPN
ས་	གིས་	PART
མཛད་པ་	མཛད་པ་	VERB
ར་	ལ་	PART
གྲགས་པ་	གྲགས་པ་	VERB
འི་	གི་	PART
ཡུམ་	ཡུམ་	NOUN
གསུམ་	གསུམ་	NUM
དོན་	དོན་	NOUN
བརྒྱད་	བརྒྱད་	NUM
ཀྱིས་	གིས་	PART
མཐུན་པ་	མཐུན་པ་	VERB
ར་	ལ་	PART
བསྟན་པ་	བསྟན་པ་	VERB
འོ་	གོ་	PART
"།
།"		PUNCT
གཉིས་པ་	གཉིས་པ་	NUM
མདོ་	མདོ་	NOUN
དང་	དང་	NO_POS
མ་	མ་	PART
སྦྱར་བ་	སྦྱར་བ་	VERB
དགུ་	དགུ་	NUM
ནི་	ནི་	NO_POS
།		PUNCT
སློབ་དཔོན་	སློབ་དཔོན་	NOUN
སེང་གེ་	སེང་གེ་	NOUN
བཟང་པོ་	བཟང་པོ་	ADJ
ས་	གིས་	PART
མཛད་པ་	མཛད་པ་	VERB
འི་	གི་	PART
འགྲེལ་བ་	འགྲེལ་བ་	NOUN
དོན་	དོན་	NOUN
གསལ་	གསལ་	VERB
།		PUNCT
ཆོ་	ཆོ་	NOUN
ཀྱི་	གི་	PART
བཤེས་གཉེན་	བཤེས་གཉེན་	NOUN
གྱི་	གི་	PART
འགྲེལ་བཤད་	འགྲེལ་བཤད་	NOUN
ཚིག་གསལ་	ཚིག་གསལ་	OTHER
།		PUNCT
གསེར་	གསེར་	NOUN
གླིང་པ་	གླིང་པ་	NOUN
ས་	གིས་	PART
མཛད་པ་	མཛད་པ་	VERB
འི་	གི་	PART
རྟོགས་དཀའ་	རྟོགས་དཀའ་	NO_POS
སྣང་བ་	སྣང་བ་	VERB
།		PUNCT
ཤེ་		
འབྱུང་	འབྱུང་	VERB
བློ་གྲོས་	བློ་གྲོས་	NOUN
ཇོ་བོ་	ཇོ་བོ་	NOUN
རྗེ་	རྗེ་	NO_POS
གཞོན་ནུ་	གཞོན་ནུ་	ADJ
དཔལ་	དཔལ་	OTHER
གསུམ་	གསུམ་	NUM
གྱིས་	གིས་	PART
མཛད་པ་	མཛད་པ་	VERB
འི་	གི་	PART
བསྡུས་དོན་	བསྡུས་དོན་	NOUN
གསུམ་	གསུམ་	NUM
།		PUNCT
རཏྣ་		NON_WORD
ཀིརྟིའི་		NON_WORD
གྲགས་པ་	གྲགས་པ་	VERB
འི་	གི་	PART
ཆ་	ཆ་	NOUN
།		PUNCT
ཁ་ཆེ་	ཁ་ཆེ་	PROPN
བྷུདྡྷ་		NON_WORD
ཤྲཱིའི་		NON_WORD
ཤེས་རབ་	ཤེས་རབ་	NOUN
སྒྲོལ་མ་	སྒྲོལ་མ་	PROPN
འི་	གི་	PART
ཕྲེང་བ་	ཕྲེང་བ་	NOUN
ཨ་	ཨ་	X
བྷྱ་		NON_WORD
ཀཱ་	ཀཱ་	NO_POS
ར་	ར་	ADP
འི་	གི་	PART
ཐུབ་པ་	ཐུབ་པ་	VERB
དགོངས་	དགོངས་	VERB
རྒྱན་	རྒྱན་	NOUN
རྣམས་	རྣམས་	DET
སོ་	གོ་	PART
"།
།"		PUNCT
འདི་དག་	འདི་དག་	NO_POS
ལ་	ལ་	ADP
ས་	གིས་	PART
འགྲེལ་བཤད་	འགྲེལ་བཤད་	NOUN
ཚིག་གསལ་	ཚིག་གསལ་	OTHER
དང་	དང་	NO_POS
།		PUNCT
རྟོགས་དཀ་	རྟོགས་དཀའ་	NO_POS
འི་	གི་	PART
སྣང་བ་	སྣང་བ་	VERB
དང་	དང་	NO_POS
།		PUNCT
ཤེ་		
འབྱུང་	འབྱུང་	VERB
བློ་གྲོས་	བློ་གྲོས་	NOUN
ཀྱི་	གི་	PART
བསྡུས་དོན་	བསྡུས་དོན་	NOUN
གསུམ་	གསུམ་	NUM
འགྲེལ་བ་	འགྲེལ་བ་	NOUN
དོན་	དོན་	NOUN
གསལ་	གསལ་	VERB
གྱི་	གི་	PART
འགྲེལ་བ་	འགྲེལ་བ་	NOUN
ཡིན་	ཡིན་	NO_POS
།		PUNCT
འདི་	འདི་	DET
ལ་	ལ་	PART
སེངྒེ་		NON_WORD
བཟང་པོ་	བཟང་པོ་	ADJ
དང་	དང་	NO_POS
ཤེ་		
འབྱུང་	འབྱུང་	VERB
བློ་གྲོས་	བློ་གྲོས་	NOUN
གཉིས་	གཉིས་	NUM
ཀྱི་	གི་	PART
བྱམས་པ་	བྱམས་པ་	PROPN
འི་	གི་	PART
ཞལ་དངོས་	ཞལ་དངོས་	NOUN
སུ་	ལ་	PART
གཟིགས་	གཟིགས་	VERB
།		PUNCT
ཆོ་	ཆོ་	NOUN
ཀྱི་	གི་	PART
བཤེས་གཉེན་	བཤེས་གཉེན་	NOUN
གྱིས་	གིས་	PART
རྨི་ལམ་	རྨི་ལམ་	NOUN
དུ་	ལ་	PART
ཞལ་གཟིགས་པ་	ཞལ་གཟིགས་པ་	NO_POS
ཡིན་	ཡིན་	NO_POS
ཞེ་	ཅེས་	PART
འབྲུག་པ་	འབྲུག་པ་	OTHER
པད་དཀར་	པད་དཀར་	OTHER
གྱིས་	གིས་	PART
ཕ་		
འགྲེལ་	འགྲེལ་	NOUN
དུ་	ལ་	PART
གསལ་	གསལ་	VERB
།		PUNCT
ཡང་	ཀྱང་	PART
འགའ་ཞིག་	འགའ་ཞིག་	OTHER
གིས་	གིས་	PART
འཕགས་པ་	འཕགས་པ་	VERB
ཐོགས་མེད་	ཐོགས་མེད་	PROPN
ཀྱིས་	གིས་	PART
མཛད་པ་	མཛད་པ་	VERB
འི་	གི་	PART
དེ་ཉིད་	དེ་ཉིད་	NOUN
རྣམ་	རྣམ་	NOUN
ངེས་	ངེས་	VERB
མདོ་	མདོ་	NOUN
རྒྱན་	རྒྱན་	NOUN
སྦྱར་བ་	སྦྱར་བ་	VERB
འི་	གི་	PART
འགྲེལ་བ་	འགྲེལ་བ་	NOUN
འདོད་པ་	འདོད་པ་	VERB
དང་	དང་	NO_POS
།		PUNCT
ཁ་ཅིག་	ཁ་ཅིག་	PRON
འགྲེལ་བ་	འགྲེལ་བ་	NOUN
དོན་	དོན་	NOUN
གསལ་	གསལ་	VERB
ཡང་	ཀྱང་	PART
མདོ་	མདོ་	NOUN
རྒྱན་	རྒྱན་	NOUN
སྦྱར་བ་	སྦྱར་བ་	VERB
ས་	གིས་	PART
འགྲེལ་བ་	འགྲེལ་བ་	NOUN
འདོད་པ་	འདོད་པ་	VERB
ཡོད་	ཡོད་	VERB
ཀྱང་	ཀྱང་	PART
།		PUNCT
དེ་ལྟ་	དེ་ལྟ་	NO_POS
མདོ་	མདོ་	NOUN
རྒྱན་	རྒྱན་	NOUN
སྦྱར་བ་	སྦྱར་བ་	VERB
ས་	གིས་	PART
འགྲེལ་བ་	འགྲེལ་བ་	NOUN
བཅུ་གཉིས་	བཅུ་གཉིས་	NO_POS
སུ་	ལ་	PART
གྲངས་	གྲངས་	NOUN
མ་ངེས་པ་	མ་ངེས་པ་	NO_POS
ས་	གིས་	PART
ཡོངས་གྲགས་	ཡོངས་གྲགས་	ADJ
དང་	དང་	NO_POS
འགལ་བ་	འགལ་བ་	VERB
འི་	གི་	PART
ཕྱི་	ཕྱི་	OTHER
ན་	ལ་	PART
དཔྱད་	དཔྱད་	VERB
དགོས་	དགོས་	VERB
སོ་	གོ་	PART
"།
།"		PUNCT
ཁ་ཆེ་	ཁ་ཆེ་	PROPN
བུདྡྷ་		NON_WORD
ཤྲཱིའི་		NON_WORD
འབུམ་འགྲེལ་	འབུམ་འགྲེལ་	OTHER
དང་	དང་	NO_POS
།		PUNCT
སྨྲྀ་		NON_WORD
ཏི་	ཏི་	NO_POS
ཛྙཱ་ན་	ཛྙཱ་ན་	PROPN
ས་	གིས་	PART
ཡུམ་	ཡུམ་	NOUN
གསུམ་	གསུམ་	NUM
དོན་	དོན་	NOUN
བརྒྱད་	བརྒྱད་	NUM
དང་	དང་	NO_POS
མཐུན་པ་	མཐུན་པ་	VERB
དང་	དང་	NO_POS
།		PUNCT
ཇོ་བོ་	ཇོ་བོ་	NOUN
རྗེའི་		NON_WORD
དོན་བསྡུས་	དོན་བསྡུས་	NOUN
སྒྲོན་མེ་	སྒྲོན་མེ་	NOUN
གསུམ་	གསུམ་	NUM
རྒྱ་གར་	རྒྱ་གར་	PROPN
པཎྚི་ཏ་	པཎྚི་ཏ་	NOUN
དེ་	སྟེ་	PART
གསུམ་	གསུམ་	NUM
མམ་	གམ་	PART
བོད་	བོད་	PROPN
ཀྱི་	གི་	PART
མཁས་པ་	མཁས་པ་	VERB
དག་	དག་	DET
གིས་	གིས་	PART
བྱས་པ་	བྱས་པ་	VERB
ཡིན་	ཡིན་	NO_POS
མིན་	མིན་	AUX
ལ་	ལ་	PART
དཔྱད་གཞི་	དཔྱད་གཞི་	OTHER
ར་	ལ་	PART
མཁས་པ་	མཁས་པ་	VERB
རྣམས་	རྣམས་	DET
མཛད་	མཛད་	VERB
དོ་	གོ་	PART
"།
།"		PUNCT
འགྲེལ་བ་	འགྲེལ་བ་	NOUN
དེ་དག་	དེ་དག་	OTHER
ལ་	ལ་	ADP
ས་	གིས་	PART
གང་	གང་	NO_POS
ཁྱད་པར་	ཁྱད་པར་	NOUN
འཕགས་པ་	འཕགས་པ་	VERB
ཡིན་	ཡིན་	NO_POS
ན་	ལ་	PART
།		PUNCT
མཁས་གྲུབ་	མཁས་གྲུབ་	NOUN
ཆེན་པོ་	ཆེན་པོ་	ADJ
པྲ་	པྲ་	NOUN
ཛྙཱ་	ཛྙཱ་	NO_POS
ར་	ར་	ADP
སྨིས་		NON_WORD
།		PUNCT
འཁོར་ལོ་	འཁོར་ལོ་	NOUN
བར་་	བར་བ་	NOUN
འི་	གི་	PART
སྦས་དོན་	སྦས་དོན་	OTHER
ལམ་རིམ་	ལམ་རིམ་	NOUN
དེ་	སྟེ་	PART
།།		PUNCT
དགའ་ལྡན་	དགའ་ལྡན་	PROPN
གནས་	གནས་	NOUN
སུ་	ལ་	PART
མི་	མི་	PART
ཕམ་	ཕམ་	NO_POS
ཆོས་རྗེ་	ཆོས་རྗེ་	NOUN
ས་	གིས་	PART
བཀྲལ་	བཀྲལ་	NO_POS
།།		PUNCT
འཕགས་པ་	འཕགས་པ་	VERB
འི་	གི་	PART
ཡུལ་	ཡུལ་	NOUN
དུ་	ལ་	PART
བཀའ་	བཀའ་	NOUN
བབ་	བབ་	VERB
རྣམ་པ་	རྣམ་པ་	NOUN
དྲུག་	དྲུག་	NUM
།		PUNCT
རྒྱན་	རྒྱན་	NOUN
གྱི་	གི་	PART
དགོངས་འགྲེལ་	དགོངས་འགྲེལ་	NOUN
བཤད་སྲོལ་	བཤད་སྲོལ་	OTHER
རྣམས་	རྣམས་	DET
མང་	མང་	VERB
ཡང་	ཀྱང་	PART
།		PUNCT
གང་དེ་	གང་དེ་	NO_POS
འགྲེལ་	འགྲེལ་	NOUN
ལ་	ལ་	PART
འཕགས་	འཕགས་	VERB
སེང་	སེང་	NOUN
ཁྱད་པར་	ཁྱད་པར་	NOUN
འཕགས་	འཕགས་	VERB
ཞེ་	ཅེས་	PART
གསུངས་པ་	གསུངས་པ་	VERB
ལྟ་	ལྟ་	OTHER
འཕགས་	འཕགས་	VERB
སེང་	སེང་	NOUN
གཉིས་	གཉིས་	NUM
ཀྱི་	གི་	PART
འགྲེལ་བ་	འགྲེལ་བ་	NOUN
ལ་	ལ་	PART
གཙོ་བོ་	གཙོ་བོ་	ADJ
བསྟེན་	བསྟེན་	VERB
དགོས་པ་	དགོས་པ་	VERB
ཡིན་	ཡིན་	NO_POS
ནོ་	གོ་	PART
"།
།"		PUNCT
དེ་	སྟེ་	PART
ལ་	ལ་	PART
སྔ་	སྔ་	ADV
འགྱུར་བ་	འགྱུར་བ་	VERB
འི་	གི་	PART
གཞུང་	གཞུང་	NOUN
ནི་	ནི་	NO_POS
།		PUNCT
ཀུན་གཟིགས་	ཀུན་གཟིགས་	OTHER
མ་	མ་	PART
ཧཱ་		NON_WORD
པཎྚི་ཏ་	པཎྚི་ཏ་	NOUN
ཆེན་པོ་	ཆེན་པོ་	ADJ
གཞན་ཕན་	གཞན་ཕན་	OTHER
ཆོ་	ཆོ་	NOUN
ཀྱི་	གི་	PART
སྣང་བ་	སྣང་བ་	VERB
ས་	གིས་	PART
ནི་	ནི་	NO_POS
།		PUNCT
ཆོ་	ཆོ་	NOUN
ཀྱི་	གི་	PART
བཤེས་གཉེན་	བཤེས་གཉེན་	NOUN
གྱི་	གི་	PART
འགྲེལ་བཤད་	འགྲེལ་བཤད་	NOUN
ཚིག་གསལ་	ཚིག་གསལ་	OTHER
དང་	དང་	NO_POS
།		PUNCT
གསེར་	གསེར་	NOUN
གླིང་བ་	གླིང་བ་	NOUN
འི་	གི་	PART
རྟོགས་དཀ་	རྟོགས་དཀའ་	NO_POS
འི་	གི་	PART
སྣང་བ་	སྣང་བ་	VERB
གཙོ་བོ་	གཙོ་བོ་	ADJ
དང་	དང་	NO_POS
།		PUNCT
སློབ་དཔོན་	སློབ་དཔོན་	NOUN
སེངྒེ་		NON_WORD
བཟང་པོ་	བཟང་པོ་	ADJ
འི་	གི་	PART
རྒྱན་	རྒྱན་	NOUN
སྣང་	སྣང་	VERB
དང་	དང་	NO_POS
།		PUNCT
ཤཱནྟི་		NON_WORD
ཉི་ཁྲི་	ཉི་ཁྲི་	OTHER
དག་	དག་	DET
ལྡན་	ལྡན་	VERB
སོགས་	སོགས་	DET
ཀྱིས་	གིས་	PART
ཀྱང་	ཀྱང་	PART
ཟུར་	ཟུར་	NOUN
བརྒྱན་	བརྒྱན་	VERB
ཏེ་	སྟེ་	PART
རྒྱ་འགྲེལ་	རྒྱ་འགྲེལ་	NOUN
དགོངས་པ་	དགོངས་པ་	VERB
རྨ་	རྨ་	NOUN
མེད་པ་	མེད་པ་	VERB
བོད་	བོད་	PROPN
ཀྱི་	གི་	PART
མཁས་པ་	མཁས་པ་	VERB
དག་	དག་	DET
གི་	གི་	PART
འདོད་	འདོད་	VERB
གཞུང་	གཞུང་	NOUN
དང་	དང་	NO_POS
ཅུང་ཟད་	ཅུང་ཟད་	ADV
ཙམ་	ཙམ་	DET
ཡང་	ཀྱང་	PART
མ་	མ་	PART
བསྲེས་པ་	བསྲེས་པ་	VERB
འགྲེལ་བ་	འགྲེལ་བ་	NOUN
དོན་	དོན་	NOUN
གསལ་	གསལ་	VERB
གྱི་	གི་	PART
འགྲེལ་མཆན་	འགྲེལ་མཆན་	OTHER
མཛད་པ་	མཛད་པ་	VERB
འི་	གི་	PART
བཤད་སྲོལ་	བཤད་སྲོལ་	OTHER
མདོ་ཁམས་	མདོ་ཁམས་	OTHER
གྲུབ་པ་	གྲུབ་པ་	VERB
འི་	གི་	PART
དབང་ཕྱུག་	དབང་ཕྱུག་	NOUN
རྫོགས་ཆེན་པ་	རྫོགས་ཆེན་པ་	NOUN
ཆེན་པོ་	ཆེན་པོ་	ADJ
འི་	གི་	PART
གདན་ས་	གདན་ས་	NOUN
ར་	ལ་	PART
མཁན་རབས་	མཁན་རབས་	OTHER
ནོར་བུ་	ནོར་བུ་	NOUN
འི་	གི་	PART
ཕྲེང་བ་	ཕྲེང་བ་	NOUN
རིམ་པ་	རིམ་པ་	NOUN
ར་	ལ་	PART
བྱོན་པ་	བྱོན་པ་	VERB
རྣམས་	རྣམས་	DET
ཀྱིས་	གིས་	PART
སྤེལ་བ་	སྤེལ་བ་	VERB
འི་	གི་	PART
རྒྱུན་	རྒྱུན་	NOUN
ད་ལྟ་	ད་ལྟ་	OTHER
འང་	ཀྱང་	PART
མ་	མ་	PART
ནུབ་པ་	ནུབ་པ་	VERB
ཡོད་པ་	ཡོད་པ་	VERB
དང་	དང་	NO_POS
།		PUNCT
སྨིན་	སྨིན་	VERB
གླིང་	གླིང་	NOUN
ཁྲི་	ཁྲི་	NUM
རབས་	རབས་	NOUN
གཉིས་པ་	གཉིས་པ་	NUM
པདྨ་	པདྨ་	NOUN
འགྱུར་མེད་	འགྱུར་མེད་	NOUN
རྒྱ་མཚོ་	རྒྱ་མཚོ་	NOUN
དཔལ་	དཔལ་	OTHER
ས་སྐྱ་	ས་སྐྱ་	PROPN
འི་	གི་	PART
མཁས་པ་	མཁས་པ་	VERB
རོང་	རོང་	PROPN
སྟོན་	སྟོན་	VERB
ཆེན་པོ་	ཆེན་པོ་	ADJ
འི་	གི་	PART
འགྲེལ་བ་	འགྲེལ་བ་	NOUN
དང་	དང་	NO_POS
བསྟུན་	བསྟུན་	NO_POS
འགྲེལ་བ་	འགྲེལ་བ་	NOUN
དོན་	དོན་	NOUN
གསལ་	གསལ་	VERB
གྱི་	གི་	PART
སྤྱི་དོན་	སྤྱི་དོན་	NOUN
བདུད་རྩི་	བདུད་རྩི་	NOUN
འི་	གི་	PART
སྙིང་ཁུ་	སྙིང་ཁུ་	NOUN
མཛད་པ་	མཛད་པ་	VERB
འདི་	འདི་	DET
སྔ་རབས་པ་	སྔ་རབས་པ་	OTHER
དག་	དག་	DET
གི་	གི་	PART
གསུང་སྒྲོས་	གསུང་སྒྲོས་	NOUN
ལ་	ལ་	PART
།		PUNCT
འདུལ་བ་	འདུལ་བ་	VERB
མཚོ་	མཚོ་	NOUN
ལ་	ལ་	PART
གཏུགས་	གཏུགས་	VERB
།		PUNCT
མངོན་པ་	མངོན་པ་	VERB
མཆིམས་	མཆིམས་	NO_POS
ལ་	ལ་	PART
གཏུགས་	གཏུགས་	VERB
།		PUNCT
དབུ་མ་	དབུ་མ་	PROPN
རེད་	རེད་	VERB
ལ་	ལ་	PART
གཏུགས་	གཏུགས་	VERB
།		PUNCT
ཕར་ཕྱིན་	ཕར་ཕྱིན་	NOUN
གཡག་ལ་	གཡག་ལ་	NO_POS
གཏུགས་	གཏུགས་	VERB
ཞེས་་	ཞེས་པ་	PART
དང་	དང་	NO_POS
ཚུལ་མཐུན་པ་	ཚུལ་མཐུན་པ་	NO_POS
ར་	ལ་	PART
གྱུར་པ་	གྱུར་པ་	VERB
དང་	དང་	NO_POS
།		PUNCT
ཆོས་རྗེ་	ཆོས་རྗེ་	NOUN
དཔལ་	དཔལ་	OTHER
སྤྲུལ་	སྤྲུལ་	VERB
རིན་པོ་ཆེ་	རིན་པོ་ཆེ་	ADJ
རྗེ་བཙུན་	རྗེ་བཙུན་	NOUN
ཙོང་	ཙོང་	OTHER
ཁ་པ་	ཁ་པ་	OTHER
ཆེན་པོ་	ཆེན་པོ་	ADJ
འི་	གི་	PART
འགྲེལ་བ་	འགྲེལ་བ་	NOUN
གསེར་	གསེར་	NOUN
ཕྲེང་	ཕྲེང་	OTHER
དང་	དང་	NO_POS
རྗེས་སུ་	རྗེས་སུ་	OTHER
མཐུན་པ་	མཐུན་པ་	VERB
ར་	ལ་	PART
ཕར་ཕྱིན་	ཕར་ཕྱིན་	NOUN
སྤྱི་དོན་	སྤྱི་དོན་	NOUN
དང་	དང་	NO_POS
།		PUNCT
འབྲུ་འགྲེལ་	འབྲུ་འགྲེལ་	NOUN
།		PUNCT
སྒོམ་རིམ་	སྒོམ་རིམ་	PROPN
གསུམ་	གསུམ་	NUM
མཛད་པ་	མཛད་པ་	VERB
རྗེ་བཙུན་	རྗེ་བཙུན་	NOUN
ཙོང་	ཙོང་	OTHER
ཁ་པ་	ཁ་པ་	OTHER
འི་	གི་	PART
འགྲེལ་བ་	འགྲེལ་བ་	NOUN
གཞིར་བཞག་པ་	གཞིར་བཞག་པ་	OTHER
ནི་	ནི་	NO_POS
།		PUNCT
ཀུན་མཁྱེན་	ཀུན་མཁྱེན་	OTHER
ཀློང་ཆེན་པ་	ཀློང་ཆེན་པ་	PROPN
འི་	གི་	PART
ཕར་ཕྱིན་	ཕར་ཕྱིན་	NOUN
འགྲེལ་བ་	འགྲེལ་བ་	NOUN
ཡིན་པ་	ཡིན་པ་	AUX
ས་	གིས་	PART
སྔ་	སྔ་	ADV
འགྱུར་བ་	འགྱུར་བ་	VERB
འི་	གི་	PART
བཞེད་པ་	བཞེད་པ་	VERB
གཙང་མ་	གཙང་མ་	ADJ
ཡིན་	ཡིན་	NO_POS
ཞེ་	ཅེས་	PART
རྫོགས་ཆེན་	རྫོགས་ཆེན་	NOUN
མཁན་ཆེན་	མཁན་ཆེན་	OTHER
རྣམས་	རྣམས་	DET
ཀྱི་	གི་	PART
ཞལ་རྒྱུན་	ཞལ་རྒྱུན་	OTHER
དུ་	ལ་	PART
གསུང་	གསུང་	VERB
སྲོལ་	སྲོལ་	NOUN
ཡོད་པ་	ཡོད་པ་	VERB
དང་	དང་	NO_POS
།		PUNCT
འཇམ་པ་	འཇམ་པ་	VERB
འི་	གི་	PART
དབྱངས་	དབྱངས་	NOUN
མི་	མི་	PART
ཕམ་	ཕམ་	NO_POS
ཞབས་	ཞབས་	NOUN
ཀྱིས་	གིས་	PART
སྔ་	སྔ་	ADV
འགྱུར་བ་	འགྱུར་བ་	VERB
འི་	གི་	PART
རིང་ལུགས་	རིང་ལུགས་	OTHER
གཞིར་བཞག་	གཞིར་བཞག་	OTHER
གི་	གི་	PART
མདོ་	མདོ་	NOUN
སྡུད་པ་	སྡུད་པ་	VERB
འི་	གི་	PART
འགྲེལ་བ་	འགྲེལ་བ་	NOUN
དང་	དང་	NO_POS
།		PUNCT
སྡུད་པ་	སྡུད་པ་	VERB
རྒྱན་	རྒྱན་	NOUN
སྦྱར་	སྦྱར་	VERB
།		PUNCT
མངོན་རྟོགས་	མངོན་རྟོགས་	NOUN
རྒྱན་	རྒྱན་	NOUN
གྱི་	གི་	PART
འགྲེལ་བ་	འགྲེལ་བ་	NOUN
སོགས་	སོགས་	DET
མཛད་	མཛད་	VERB
གནང་བ་	གནང་བ་	NO_POS
དང་	དང་	NO_POS
།		PUNCT
དེ་	དེ་	DET
འི་	གི་	PART
རྗེས་	རྗེས་	NOUN
འབྲངས་	འབྲངས་	VERB
མཁས་མཆོག་	མཁས་མཆོག་	NOUN
བོད་	བོད་	PROPN
སྤྲུལ་བ་	སྤྲུལ་བ་	VERB
ས་	གིས་	PART
མངོན་རྟོགས་	མངོན་རྟོགས་	NOUN
རྒྱན་	རྒྱན་	NOUN
འགྲེལ་	འགྲེལ་	NOUN
ད་ལྟ་	ད་ལྟ་	OTHER
ཞལ་སློབ་	ཞལ་སློབ་	NOUN
རྣམས་	རྣམས་	DET
ན་	ནས་	PART
སྤེལ་	སྤེལ་	VERB
བཞིན་པ་	བཞིན་པ་	NOUN
དག་	དག་	DET
ཡིན་	ཡིན་	NO_POS
ནོ་	གོ་	PART
"།
།"		PUNCT
ཞེ་	ཅེས་	PART
གསར་བུ་བ་	གསར་བུ་བ་	NOUN
དག་	དག་	DET
གི་	གི་	PART
ཐུགས་	ཐུགས་	NOUN
ངེས་	ངེས་	VERB
ཆེད་	ཆེད་	NOUN
དུ་	ལ་	PART
འཕྲོ་	འཕྲོ་	NOUN
ས་	གིས་	PART
སུ་	ལ་	PART
སྨྲོས་པ་	སྨྲོས་པ་	VERB
འོ་	གོ་	PART
"།
།"		PUNCT
མདོར་ན་	མདོར་ན་	NO_POS
སྔ་	སྔ་	ADV
འགྱུར་བ་	འགྱུར་བ་	VERB
འི་	གི་	PART
བཞེད་པ་	བཞེད་པ་	VERB
གཙང་མ་	གཙང་མ་	ADJ
ནི་	ནི་	NO_POS
རྒྱན་	རྒྱན་	NOUN
དྲུག་	དྲུག་	NUM
མཆོག་གཉིས་	མཆོག་གཉིས་	NO_POS
རྗེས་	རྗེས་	NOUN
འབྲངས་	འབྲངས་	VERB
དང་	དང་	NO_POS
བཅས་པ་	བཅས་པ་	VERB
འི་	གི་	PART
གཞུང་ལུགས་	གཞུང་ལུགས་	NOUN
དག་	དག་	DET
ཡིན་	ཡིན་	NO_POS
ཏེ་	སྟེ་	PART
།		PUNCT
སྔོན་	སྔོན་	ADV
མཁན་སློབ་	མཁན་སློབ་	NOUN
ཆོ་	ཆོ་	NOUN
གསུམ་	གསུམ་	NUM
གྱི་	གི་	PART
སྐུ་རིང་	སྐུ་རིང་	ADV
ལ་	ལ་	PART
རྒྱ་བོད་	རྒྱ་བོད་	PROPN
ཀྱི་	གི་	PART
ལོ་པཎ་	ལོ་པཎ་	NOUN
དག་	དག་	DET
གིས་	གིས་	PART
བསྒྱུར་	བསྒྱུར་	VERB
བཤད་	བཤད་	VERB
ཉན་	ཉན་	VERB
གསུམ་	གསུམ་	NUM
གྱིས་	གིས་	PART
གཏན་	གཏན་	NOUN
ལ་	ལ་	PART
ཕབ་པ་	ཕབ་པ་	VERB
ནི་	ནི་	NO_POS
གཞུང་	གཞུང་	NOUN
དེ་དག་	དེ་དག་	OTHER
ཡིན་པ་	ཡིན་པ་	AUX
དང་	དང་	NO_POS
།		PUNCT
དེ་	དེ་	DET
འི་	གི་	PART
དུས་	དུས་	NOUN
སུ་	ལ་	PART
དཔལ་	དཔལ་	OTHER
བསམ་ཡས་	བསམ་ཡས་	PROPN
ཀྱི་	གི་	PART
བཤད་	བཤད་	VERB
གྲྭས་		NON_WORD
མཚོན་	མཚོན་	NOUN
ཀློག་པ་	ཀློག་པ་	VERB
འི་	གི་	PART
གྲྭ་	གྲྭ་	NOUN
ཆེན་པོ་	ཆེན་པོ་	ADJ
བཅུ་གསུམ་	བཅུ་གསུམ་	NO_POS
བཙུགས་པ་	བཙུགས་པ་	VERB
དག་	དག་	DET
གིས་	གིས་	PART
འཆད་ཉན་	འཆད་ཉན་	NOUN
བྱེད་རྒྱུ་	བྱེད་རྒྱུ་	VERB
འང་	ཀྱང་	PART
གཞུང་	གཞུང་	NOUN
དེ་དག་	དེ་དག་	OTHER
ཡིན་པ་	ཡིན་པ་	AUX
དང་	དང་	NO_POS
།		PUNCT
རྒྱལ་བ་	རྒྱལ་བ་	NOUN
རོང་	རོང་	PROPN
ཀློང་	ཀློང་	NOUN
གཉིས་	གཉིས་	NUM
དང་	དང་	NO_POS
།		PUNCT
འཇམ་པ་	འཇམ་པ་	VERB
འི་	གི་	PART
དབྱངས་	དབྱངས་	NOUN
མི་	མི་	PART
ཕམ་	ཕམ་	NO_POS
ཀུན་མཁྱེན་	ཀུན་མཁྱེན་	OTHER
སོགས་	སོགས་	DET
ཀྱིས་	གིས་	PART
ཀྱང་	ཀྱང་	PART
རྙིང་མ་	རྙིང་མ་	OTHER
འི་	གི་	PART
རིང་ལུགས་	རིང་ལུགས་	OTHER
སུ་	ལ་	PART
དེ་དག་	དེ་དག་	OTHER
རྣམས་	རྣམས་	DET
མཛད་པ་	མཛད་པ་	VERB
ས་	གིས་	PART
སོ་	གོ་	PART
"།
།"		PUNCT
དེས་ན་	དེས་ན་	NO_POS
རང་ཕྱོགས་	རང་ཕྱོགས་	NO_POS
ན་	ནས་	PART
རྙིང་མ་པ་	རྙིང་མ་པ་	OTHER
འི་	གི་	PART
བཞེད་པ་	བཞེད་པ་	VERB
སུ་	ལ་	PART
དང་	དང་	NO_POS
མི་མཐུན་པ་	མི་མཐུན་པ་	NO_POS
ཞིག་	ཅིག་	PART
དགོས་	དགོས་	VERB
བསམ་པ་	བསམ་པ་	VERB
དང་	དང་	NO_POS
།		PUNCT
གཞན་ཕྱོགས་	གཞན་ཕྱོགས་	NO_POS
ན་	ནས་	PART
སུ་	ལ་	PART
དང་	དང་	NO_POS
མི་མཐུན་པ་	མི་མཐུན་པ་	NO_POS
ཞིག་	ཅིག་	PART
ཡིན་	ཡིན་	NO_POS
རྒྱུ་	རྒྱུ་	NOUN
ར་	ལ་	PART
བསམ་པ་	བསམ་པ་	VERB
ནི་	ནི་	NO_POS
གོ་མ་	གོ་མ་	NO_POS
ཚོས་པ་	ཚོས་པ་	VERB
འི་	གི་	PART
རྣམ་འགྱུར་	རྣམ་འགྱུར་	NOUN
ངོམ་པ་	ངོམ་པ་	VERB
ལ་	ལ་	ADP
ས་	གིས་	PART
བརྟག་	བརྟག་	VERB
ཐུབ་པ་	ཐུབ་པ་	VERB
གང་ཡང་	གང་ཡང་	NO_POS
མེད་པ་	མེད་པ་	VERB
ས་	གིས་	PART
རང་གཞན་	རང་གཞན་	NOUN
སུ་	ལ་	PART
ཡིན་	ཡིན་	NO_POS
རུང་	རུང་	SCONJ
རི་བོང་	རི་བོང་	NOUN
ཅལ་འདྲོགས་	ཅལ་འདྲོགས་	ADV
ཀྱི་	གི་	PART
རྗེས་སུ་	རྗེས་སུ་	OTHER
འབྲངས་	འབྲངས་	VERB
ན་	ནས་	PART
ཆོ་	ཆོ་	NOUN
སྤོང་	སྤོང་	VERB
གི་	གི་	PART
ལ་	ལ་	ADP
ས་	གིས་	PART
བསགས་པ་	བསགས་པ་	VERB
ལ་	ལ་	PART
བག་	བག་	NOUN
ཡོད་པ་	ཡོད་པ་	VERB
ར་	ལ་	PART
བྱ་	བྱ་	VERB
དགོས་	དགོས་	VERB
སོ་	གོ་	PART
"།
།"		PUNCT
འོན་ཀྱང་	འོན་ཀྱང་	NO_POS
སྔགས་	སྔགས་	NOUN
བཀའ་	བཀའ་	NOUN
གཏེར་	གཏེར་	NOUN
དག་སྣང་	དག་སྣང་	NOUN
གསུམ་	གསུམ་	NUM
གྱི་	གི་	PART
མན་ངག་	མན་ངག་	NOUN
གི་	གི་	PART
ཟབ་	ཟབ་	VERB
ཁྱད་	ཁྱད་	NOUN
དུ་མ་	དུ་མ་	ADJ
ཡོད་པ་	ཡོད་པ་	VERB
འི་	གི་	PART
ཚུལ་	ཚུལ་	NOUN
ནི་	ནི་	NO_POS
སྐབས་	སྐབས་	NOUN
འདི་	འདི་	DET
ར་	ལ་	PART
བཤད་	བཤད་	VERB
བྱ་	བྱ་	VERB
མ་	མ་	PART
ཡིན་	ཡིན་	NO_POS
ནོ་	གོ་	PART
"།
།"		PUNCT
དེ་ལྟ་	དེ་ལྟ་	NO_POS
ཤེ་		
མདོ་	མདོ་	NOUN
འི་	གི་	PART
ཤིང་རྟ་	ཤིང་རྟ་	NOUN
འི་	གི་	PART
སྲོལ་འབྱེད་	སྲོལ་འབྱེད་	NOUN
དང་	དང་	NO_POS
།		PUNCT
རྒྱན་	རྒྱན་	NOUN
གྱི་	གི་	PART
བཤད་	བཤད་	VERB
མདོ་	མདོ་	NOUN
གང་ཡིན་	གང་ཡིན་	NO_POS
ངོས་འཛིན་	ངོས་འཛིན་	NOUN
དང་	དང་	NO_POS
། །		PUNCT
རྒྱན་	རྒྱན་	NOUN
གྱི་	གི་	PART
རྒྱ་འགྲེལ་	རྒྱ་འགྲེལ་	NOUN
གང་ཞིག་	གང་ཞིག་	NO_POS
ངོས་འཛིན་	ངོས་འཛིན་	NOUN
གསུམ་	གསུམ་	NUM
"།
།"		PUNCT
རྒྱན་	རྒྱན་	NOUN
ལ་	ལ་	PART
འཆད་ཉན་	འཆད་ཉན་	NOUN
བྱེད་པ་	བྱེད་པ་	VERB
འི་	གི་	PART
སྔོན་འགྲོ་	སྔོན་འགྲོ་	NOUN
ཡིན་	ཡིན་	NO_POS
། །		PUNCT
ཞེ་	ཅེས་	PART
བར་སྐབས་	བར་སྐབས་	NOUN
ཀྱི་	གི་	PART
ཚིགས་	ཚིགས་	NOUN
སུ་	ལ་	PART
བཅད་པ་	བཅད་པ་	VERB
འོ་	གོ་	PART
།།		PUNCT
བིིརྻས་		NON_WORD
སོ་	གོ་	PART
"།
།"		PUNCT
